Stadt,PLZ,Bundesland,Landkreis,
Berlin,10178, Berlin, Berlin,
Hamburg,20038, Hamburg, Hamburg,
München,80331,Freistaat Bayern, Ingolstadt,
Köln,50667,Nordrhein-Westfalen, Bonn,
Frankfurt am Main,60311,Hessen, Darmstadt,
Stuttgart,70173,Baden-Württemberg, Stuttgart,
Düsseldorf,40213,Nordrhein-Westfalen, Düsseldorf,
Dortmund,44135,Nordrhein-Westfalen, Bochum,
Essen,45127,Nordrhein-Westfalen, Duisburg,
Bremen,28195,Freie Hansestadt Bremen, Bremen,
Hannover,30159,Niedersachsen,Hannover,
Leipzig,4109,Freistaat Sachsen, Leipzig,
Dresden,1067,Freistaat Sachsen, Dresden,
Nürnberg,90403,Freistaat Bayern, Fürth,
Duisburg,47051,Nordrhein-Westfalen, Düsseldorf,
Bochum,44787,Nordrhein-Westfalen, Arnsberg,
Wuppertal,42275,Nordrhein-Westfalen, Solingen,
Bielefeld,33602,Nordrhein-Westfalen, Detmold,
Bonn,53111,Nordrhein-Westfalen, Aachen,
Mannheim,68159,Baden-Württemberg, Heidelberg,
Karlsruhe,76133,Baden-Württemberg, Baden-Baden,
Wiesbaden,65183,Hessen, Offenbach am Main,
Münster,48143,Nordrhein-Westfalen, Gelsenkirchen,
Augsburg,86150,Freistaat Bayern, Schwaben,
Gelsenkirchen,45879,Nordrhein-Westfalen, Bottrop,
Aachen,52062,Nordrhein-Westfalen, Leverkusen,
Mönchengladbach,41061,Nordrhein-Westfalen, Krefeld,
Braunschweig,38100,Niedersachsen, Niedersachsen,
Chemnitz,9111,Freistaat Sachsen, Chemnitz,
Kiel,24103,Schleswig-Holstein, Flensburg,
Krefeld,47803,Nordrhein-Westfalen, Essen,
Halle-Saale,6108,Sachsen-Anhalt, Dessau-Roßlau,
Magdeburg,39104,Sachsen-Anhalt, Halle,
Freiburg im Breisgau,79098,Baden-Württemberg, Freiburg,
Oberhausen,46045,Nordrhein-Westfalen, Mülheim an der Ruhr,
Lübeck,23539,Schleswig-Holstein, Kiel,
Erfurt,99084,Freistaat Thüringen, Thüringen,
Rostock,18055,Mecklenburg-Vorpommern, Neubrandenburg,
Mainz,55116,Rheinland-Pfalz, Ludwigshafen am Rhein,
Kassel,34117,Hessen, Kassel,
Hagen,58095,Nordrhein-Westfalen, Dortmund,
Hamm,59065,Nordrhein-Westfalen, Hagen,
Saarbrücken,66111,Saarland, Regionalverband Saarbrücken,
Mülheim an der Ruhr,45468,Nordrhein-Westfalen, Mönchengladbach,
Herne,44623,Nordrhein-Westfalen, Hamm,
Osnabrück,49074,Niedersachsen, Oldenburg,
Ludwigshafen am Rhein,67059,Rheinland-Pfalz, Landau in der Pfalz,
Oldenburg,26122,Niedersachsen, Emden,
Solingen,42651,Nordrhein-Westfalen, Remscheid,
Leverkusen,51373,Nordrhein-Westfalen, Köln,
Potsdam,14461,Brandenburg, Frankfurt,
Neuss,41460,Nordrhein-Westfalen, Rhein-Kreis Neuss,
Heidelberg,69117,Baden-Württemberg, Rheinmünster,
Paderborn,33098,Nordrhein-Westfalen, Paderborn,
Darmstadt,64283,Hessen, Darmstadt,
Regensburg,93047,Freistaat Bayern, Amberg,
Würzburg,97070,Freistaat Bayern, Schweinfurt,
Ingolstadt,85049,Freistaat Bayern, Oberbayern,
Heilbronn,74072,Baden-Württemberg, Kernen im Remstal,
Ulm,89073,Baden-Württemberg, Albstadt,
Göttingen,37083,Niedersachsen, Göttingen,
Wolfsburg,38440,Niedersachsen, Salzgitter,
Pforzheim,75175,Baden-Württemberg, Hirschberg an der Bergstraße,
Recklinghausen,45657,Nordrhein-Westfalen, Recklinghausen,
Offenbach am Main,63065,Hessen, Frankfurt am Main,
Bottrop,46236,Nordrhein-Westfalen, Münster,
Fürth,90762,Freistaat Bayern, Erlangen,
Bremerhaven,27576,Freie Hansestadt Bremen, Bremen,
Reutlingen,72764,Baden-Württemberg, Reutlingen,
Remscheid,42853,Nordrhein-Westfalen, Oberhausen,
Koblenz,56068,Rheinland-Pfalz, Rheinland-Pfalz,
Moers,47441,Nordrhein-Westfalen, Wesel,
Bergisch Gladbach,51465,Nordrhein-Westfalen, Rheinisch-Bergischer Kreis,
Erlangen,91052,Freistaat Bayern, Ansbach,
Trier,54290,Rheinland-Pfalz, Mähren,
Jena,7743,Freistaat Thüringen, Gera,
Siegen,57072,Nordrhein-Westfalen, Siegen-Wittgenstein,
Salzgitter,38226,Niedersachsen, Braunschweig,
Hildesheim,31134,Niedersachsen, Hildesheim,
Cottbus,3046,Brandenburg, Brandenburg an der Havel,
Gera,7545,Freistaat Thüringen, Erfurt,
Kaiserslautern,67657,Rheinland-Pfalz, Frankenthal,
Witten,58452,Nordrhein-Westfalen, Ennepe-Ruhr-Kreis,
Gütersloh,33330,Nordrhein-Westfalen, Gütersloh,
Iserlohn,58636,Nordrhein-Westfalen, Märkischer Kreis,
Schwerin,19053,Mecklenburg-Vorpommern, Rostock,
Zwickau,8056,Freistaat Sachsen, Zwickau,
Düren,52349,Nordrhein-Westfalen, Düren,
Esslingen am Neckar,73728,Baden-Württemberg, Esslingen,
Ratingen,40878,Nordrhein-Westfalen, Mettmann,
Flensburg,24937,Schleswig-Holstein, Schleswig-Holstein,
Hanau,63450,Hessen, Main-Kinzig-Kreis,
Marl,45768,Nordrhein-Westfalen, Recklinghausen,
Tübingen,72070,Baden-Württemberg, Tübingen,
Lünen,44532,Nordrhein-Westfalen, Unna,
Dessau-Roßlau,6844,Sachsen-Anhalt, Sachsen-Anhalt,
Ludwigsburg,71638,Baden-Württemberg, Ludwigsburg,
Velbert,42551,Nordrhein-Westfalen, Mettmann,
Konstanz,78462,Baden-Württemberg, Konstanz,
Minden,32423,Nordrhein-Westfalen, Minden-Lübbecke,
Worms,67547,Rheinland-Pfalz, Speyer,
Wilhelmshaven,26382,Niedersachsen, Osnabrück,
Villingen-Schwenningen,78050,Baden-Württemberg, Schwarzwald-Baar-Kreis,
Marburg,35037,Hessen, Marburg-Biedenkopf,
Dorsten,46284,Nordrhein-Westfalen, Recklinghausen,
Neumünster,24534,Schleswig-Holstein, Lübeck,
Rheine,48431,Nordrhein-Westfalen, Steinfurt,
Gießen,35390,Hessen, Gießen,
Lüdenscheid,58507,Nordrhein-Westfalen, Märkischer Kreis,
Castrop-Rauxel,44575,Nordrhein-Westfalen, Recklinghausen,
Gladbeck,45964,Nordrhein-Westfalen, Recklinghausen,
Viersen,41747,Nordrhein-Westfalen, Viersen,
Troisdorf,53840,Nordrhein-Westfalen, Rhein-Sieg-Kreis,
Arnsberg,59759,Nordrhein-Westfalen, Hochsauerlandkreis,
Delmenhorst,27749,Niedersachsen, Thedinghausen,
Bocholt,46395,Nordrhein-Westfalen, Borken,
Detmold,32756,Nordrhein-Westfalen, Lippe,
Lüneburg,21335,Niedersachsen, Lüneburg,
Bayreuth,95444,Freistaat Bayern, Bamberg,
Brandenburg an der Havel,14770,Brandenburg, Brandenburg,
Norderstedt,22846,Schleswig-Holstein, Segeberg,
Celle,29221,Niedersachsen, Celle,
Bamberg,96047,Freistaat Bayern, Oberfranken,
Dinslaken,46535,Nordrhein-Westfalen, Wesel,
Aschaffenburg,63739,Freistaat Bayern, Unterfranken,
Lippstadt,59555,Nordrhein-Westfalen, Soest,
Unna,59423,Nordrhein-Westfalen, Unna,
Plauen,8523,Freistaat Sachsen, Vogtlandkreis,
Aalen,73430,Baden-Württemberg, Ostalbkreis,
Weimar,99423,Freistaat Thüringen, Suhl,
Neubrandenburg,17033,Mecklenburg-Vorpommern, Greifswald,
Kerpen,50171,Nordrhein-Westfalen, Rhein-Erft-Kreis,
Neuwied,56564,Rheinland-Pfalz, Neuwied,
Herford,32052,Nordrhein-Westfalen, Herford,
Fulda,36037,Hessen, Fulda,
Grevenbroich,41515,Nordrhein-Westfalen, Rhein-Kreis Neuss,
Dormagen,41539,Nordrhein-Westfalen, Rhein-Kreis Neuss,
Landshut,84028,Freistaat Bayern, Niederbayern,
Herten,45699,Nordrhein-Westfalen, Recklinghausen,
Bergheim,50126,Nordrhein-Westfalen, Rhein-Erft-Kreis,
Kempten,87435,Freistaat Bayern, Kaufbeuren,
Garbsen,30827,Niedersachsen,Hannover,
Wesel,46483,Nordrhein-Westfalen, Wesel,
Rosenheim,83022,Freistaat Bayern, München,
Frankfurt,15230,Brandenburg, Cottbus,
Sindelfingen,71063,Baden-Württemberg, Böblingen,
Schwäbisch Gmünd,73525,Baden-Württemberg, Ostalbkreis,
Rüsselsheim,65428,Hessen, Groß-Gerau,
Offenburg,77652,Baden-Württemberg, Ortenaukreis,
Langenfeld,40764,Nordrhein-Westfalen, Mettmann,
Friedrichshafen,88045,Baden-Württemberg, Bodenseekreis,
Hameln,31785,Niedersachsen, Hameln-Pyrmont,
Stralsund,18439,Mecklenburg-Vorpommern, Schwerin,
Stolberg,52222,Nordrhein-Westfalen, Leverkusen,
Hürth,50354,Nordrhein-Westfalen, Rhein-Erft-Kreis,
Göppingen,73033,Baden-Württemberg, Göppingen,
Menden,58706,Nordrhein-Westfalen, Märkischer Kreis,
Görlitz,2826,Freistaat Sachsen, Görlitz,
Euskirchen,53879,Nordrhein-Westfalen, Euskirchen,
Hattingen,45525,Nordrhein-Westfalen, Ennepe-Ruhr-Kreis,
Hilden,40721,Nordrhein-Westfalen, Mettmann,
Sankt Augustin,53757,Nordrhein-Westfalen, Rhein-Sieg-Kreis,
Eschweiler,52249,Nordrhein-Westfalen, Leverkusen,
Baden-Baden,76530,Baden-Württemberg, Karlsruhe,
Greifswald,17489,Mecklenburg-Vorpommern, Mecklenburg-Vorpommern,
Meerbusch,40667,Nordrhein-Westfalen, Rhein-Kreis Neuss,
Bad Salzuflen,32105,Nordrhein-Westfalen, Lippe,
Pulheim,50259,Nordrhein-Westfalen, Rhein-Erft-Kreis,
Schweinfurt,97421,Freistaat Bayern, Aschaffenburg,
Neustadt an der Weinstraße,67433,Rheinland-Pfalz, Mainz,
Ahlen,59227,Nordrhein-Westfalen, Warendorf,
Wolfenbüttel,38300,Niedersachsen, Wolfenbüttel,
Nordhorn,48529,Niedersachsen, Grafschaft Bentheim,
Neu-Ulm,89231,Freistaat Bayern, Neu-Ulm,
Waiblingen,71332,Baden-Württemberg, Rems-Murr-Kreis,
Langenhagen,30853,Niedersachsen,Hannover,
Willich,47877,Nordrhein-Westfalen, Viersen,
Bad Homburg,61348,Hessen, Hochtaunuskreis,
Gummersbach,51643,Nordrhein-Westfalen, Oberbergischer Kreis,
Wetzlar,35578,Hessen, Lahn-Dill-Kreis,
Ibbenbüren,49477,Nordrhein-Westfalen, Steinfurt,
Lingen,49808,Niedersachsen, Emsland,
Emden,26721,Niedersachsen, Delmenhorst,
Bergkamen,59192,Nordrhein-Westfalen, Unna,
Cuxhaven,27472,Niedersachsen, Cuxhaven,
Erftstadt,50374,Nordrhein-Westfalen, Rhein-Erft-Kreis,
Passau,94032,Freistaat Bayern, Landshut,
Speyer,67346,Rheinland-Pfalz, Pirmasens,
Frechen,50226,Nordrhein-Westfalen, Rhein-Erft-Kreis,
Ravensburg,88212,Baden-Württemberg, Ravensburg,
Kleve,47533,Nordrhein-Westfalen, Kleve,
Peine,31224,Niedersachsen, Peine,
Soest,59494,Nordrhein-Westfalen, Soest,
Bornheim,53332,Nordrhein-Westfalen, Rhein-Sieg-Kreis,
Schwerte,58239,Nordrhein-Westfalen, Unna,
Bad Oeynhausen,32545,Nordrhein-Westfalen, Minden-Lübbecke,
Heidenheim an der Brenz,89522,Baden-Württemberg, Heidenheim,
Elmshorn,25335,Schleswig-Holstein, Pinneberg,
Lörrach,79539,Baden-Württemberg, Lörrach,
Neunkirchen,66538,Saarland, Neunkirchen,
Rastatt,76437,Baden-Württemberg, Rastatt,
Wittenberg,6886,Sachsen-Anhalt, Wittenberg,
Herzogenrath,52134,Nordrhein-Westfalen, Leverkusen,
Rheda-Wiedenbrück,33378,Nordrhein-Westfalen, Gütersloh,
Frankenthal,67227,Rheinland-Pfalz, Welschbillig,
Dülmen,48249,Nordrhein-Westfalen, Coesfeld,
Hof,95028,Freistaat Bayern, Coburg,
Gronau,48599,Nordrhein-Westfalen, Borken,
Melle,49324,Niedersachsen, Osnabrück,
Böblingen,71032,Baden-Württemberg, Böblingen,
Erkrath,40699,Nordrhein-Westfalen, Mettmann,
Stade,21682,Niedersachsen, Stade,
Bitterfeld-Wolfen,6766,Sachsen-Anhalt, Anhalt-Bitterfeld,
Hennef,53773,Nordrhein-Westfalen, Rhein-Sieg-Kreis,
Gotha,99867,Freistaat Thüringen, Gotha,
Alsdorf,52477,Nordrhein-Westfalen, Leverkusen,
Singen,78224,Baden-Württemberg, Konstanz,
Albstadt,72458,Baden-Württemberg, Zollernalbkreis,
Neustadt am Rübenberge,31535,Niedersachsen,Hannover,
Leonberg,71229,Baden-Württemberg, Böblingen,
Freising,85354,Freistaat Bayern, Freising,
Kamen,59174,Nordrhein-Westfalen, Unna,
Bünde,32257,Nordrhein-Westfalen, Herford,
Erkelenz,41812,Nordrhein-Westfalen, Heinsberg,
Straubing,94315,Freistaat Bayern, Passau,
Wismar,23952,Mecklenburg-Vorpommern, Stralsund,
Fellbach,70734,Baden-Württemberg, Rems-Murr-Kreis,
Brühl,50321,Nordrhein-Westfalen, Rhein-Erft-Kreis,
Nordhausen,99734,Freistaat Thüringen, Nordhausen,
Filderstadt,70794,Baden-Württemberg, Esslingen,
Lahr/Schwarzwald,77933,Baden-Württemberg, Ortenaukreis,
Amberg,92224,Freistaat Bayern, Oberpfalz,
Weinheim,69469,Baden-Württemberg, Rhein-Neckar-Kreis,
Homburg,66424,Saarland, Saarpfalz-Kreis,
Bad Kreuznach,55545,Rheinland-Pfalz, Bad Kreuznach,
Oberursel,61440,Hessen, Hochtaunuskreis,
Lehrte,31275,Niedersachsen,Hannover,
Bruchsal,76646,Baden-Württemberg, Karlsruhe,
Rodgau,63110,Hessen, Offenbach,
Monheim am Rhein,40789,Nordrhein-Westfalen, Mettmann,
Landau in der Pfalz,76829,Rheinland-Pfalz, Kaiserslautern,
Eisenach,99817,Freistaat Thüringen, Weimar,
Bietigheim-Bissingen,74321,Baden-Württemberg, Ludwigsburg,
Rottenburg am Neckar,72108,Baden-Württemberg, Tübingen,
Pinneberg,25421,Schleswig-Holstein, Pinneberg,
Dachau,85221,Freistaat Bayern, Dachau,
Weiden,92637,Freistaat Bayern, Regensburg,
Nettetal,41334,Nordrhein-Westfalen, Viersen,
Kaufbeuren,87600,Freistaat Bayern, Augsburg,
Kaarst,41564,Nordrhein-Westfalen, Rhein-Kreis Neuss,
Freiberg,9599,Freistaat Sachsen, Mittelsachsen,
Lemgo,32657,Nordrhein-Westfalen, Lippe,
Gifhorn,38518,Niedersachsen, Gifhorn,
Oranienburg,16515,Brandenburg, Oberhavel,
Goslar,38640,Niedersachsen, Goslar,
Borken,46325,Nordrhein-Westfalen, Borken,
Coburg,96450,Freistaat Bayern, Bayreuth,
Eberswalde,16225,Brandenburg, Barnim,
Wunstorf,31515,Niedersachsen,Hannover,
Memmingen,87700,Freistaat Bayern, Kempten,
Heinsberg,52525,Nordrhein-Westfalen, Heinsberg,
Königswinter,53639,Nordrhein-Westfalen, Rhein-Sieg-Kreis,
Pirmasens,66953,Rheinland-Pfalz, Neustadt an der Weinstraße,St.
Bautzen,2625,Freistaat Sachsen, Bautzen,
Aurich,26603,Niedersachsen, Aurich,
Ansbach,91522,Freistaat Bayern, Mittelfranken,
Nürtingen,72622,Baden-Württemberg, Esslingen,
Dreieich,63303,Hessen, Offenbach,
Löhne,32584,Nordrhein-Westfalen, Herford,
Laatzen,30880,Niedersachsen,Hannover,
Falkensee,14612,Brandenburg, Havelland,
Kirchheim unter Teck,73230,Baden-Württemberg, Esslingen,
Völklingen,66333,Saarland, Regionalverband Saarbrücken,
Siegburg,53721,Nordrhein-Westfalen, Rhein-Sieg-Kreis,
Bensheim,64625,Hessen, Bergstraße,
Buxtehude,21614,Niedersachsen, Stade,
Suhl,98527,Freistaat Thüringen, Jena,
Mettmann,40822,Nordrhein-Westfalen, Mettmann,
Schorndorf,73614,Baden-Württemberg, Rems-Murr-Kreis,
Hückelhoven,41836,Nordrhein-Westfalen, Heinsberg,
Freital,1705,Freistaat Sachsen, Sächs. Schweiz-Osterzgebirge,
Neumarkt,92318,Freistaat Bayern, Neumarkt,
Pirna,1796,Freistaat Sachsen, Sächs. Schweiz-Osterzgebirge,
Ahaus,48683,Nordrhein-Westfalen, Borken,
Schwabach,91126,Freistaat Bayern, Nürnberg,
Kamp-Lintfort,47475,Nordrhein-Westfalen, Wesel,
Ettlingen,76275,Baden-Württemberg, Karlsruhe,
Buchholz in der Nordheide,21244,Niedersachsen, Harburg,
Hofheim am Taunus,65719,Hessen, Main-Taunus-Kreis,
Hoyerswerda,2977,Freistaat Sachsen, Bautzen,
Warendorf,48231,Nordrhein-Westfalen, Warendorf,
Halberstadt,38820,Sachsen-Anhalt, Harz,
Haltern am See,45721,Nordrhein-Westfalen, Recklinghausen,
Maintal,63477,Hessen, Main-Kinzig-Kreis,
Voerde,46562,Nordrhein-Westfalen, Wesel,
Würselen,52146,Nordrhein-Westfalen, Leverkusen,
Hemer,58675,Nordrhein-Westfalen, Märkischer Kreis,
Niederkassel,53859,Nordrhein-Westfalen, Rhein-Sieg-Kreis,
St. Ingbert,66386,Saarland, Saarpfalz-Kreis,
Saarlouis,66740,Saarland, Saarlouis,
Germering,82110,Freistaat Bayern, Fürstenfeldbruck,
Leinfelden-Echterdingen,70771,Baden-Württemberg, Esslingen,
Schwäbisch Hall,74523,Baden-Württemberg, Schwäbisch Hall,
Beckum,59269,Nordrhein-Westfalen, Warendorf,
Coesfeld,48653,Nordrhein-Westfalen, Coesfeld,
Bernau bei Berlin,16321,Brandenburg, Barnim,
Mühlhausen,99974,Freistaat Thüringen, Unstrut-Hainich-Kreis,
Kempen,47906,Nordrhein-Westfalen, Viersen,
Ostfildern,73760,Baden-Württemberg, Esslingen,
Greven,48268,Nordrhein-Westfalen, Steinfurt,
Datteln,45711,Nordrhein-Westfalen, Recklinghausen,
Neu-Isenburg,63263,Hessen, Offenbach,
Wermelskirchen,42929,Nordrhein-Westfalen, Rheinisch-Bergischer Kreis,
Emsdetten,48282,Nordrhein-Westfalen, Steinfurt,
Sinsheim,74889,Baden-Württemberg, Rhein-Neckar-Kreis,
Stendal,39576,Sachsen-Anhalt, Stendal,
Altenburg,4600,Freistaat Thüringen, Altenburger Land,
Langen,63225,Hessen, Offenbach,
Backnang,71522,Baden-Württemberg, Rems-Murr-Kreis,
Porta Westfalica,32457,Nordrhein-Westfalen, Minden-Lübbecke,
Lage,32791,Nordrhein-Westfalen, Lippe,
Wesseling,50389,Nordrhein-Westfalen, Rhein-Erft-Kreis,
Papenburg,26871,Niedersachsen, Emsland,
Meppen,49716,Niedersachsen, Emsland,
Kehl,77694,Baden-Württemberg, Ortenaukreis,
Tuttlingen,78532,Baden-Württemberg, Tuttlingen,
Schwedt/Oder,16303,Brandenburg, Uckermark,
Erding,85435,Freistaat Bayern, Erding,
Riesa,1589,Freistaat Sachsen, Meißen,
Merseburg,6217,Sachsen-Anhalt, Saalekreis,
Schönebeck,39218,Sachsen-Anhalt, Salzlandkreis,
Uelzen,29525,Niedersachsen, Uelzen,
Leer,26789,Niedersachsen, Leer,
Zweibrücken,66482,Rheinland-Pfalz, Worms,
Steinfurt,48565,Nordrhein-Westfalen, Steinfurt,
Fürstenfeldbruck,82256,Freistaat Bayern, Fürstenfeldbruck,
Goch,47574,Nordrhein-Westfalen, Kleve,
Winsen,21423,Niedersachsen, Harburg,
Balingen,72336,Baden-Württemberg, Zollernalbkreis,
Mörfelden-Walldorf,64546,Hessen, Groß-Gerau,
Wernigerode,38855,Sachsen-Anhalt, Harz,
Geldern,47608,Nordrhein-Westfalen, Kleve,
Königs Wusterhausen,15711,Brandenburg, Dahme-Spreewald,
Barsinghausen,30890,Niedersachsen,Hannover,
Radebeul,1445,Freistaat Sachsen, Meißen,
Limburg a.d. Lahn,65549,Hessen, Limburg-Weilburg,
Dietzenbach,63128,Hessen, Offenbach,
Jülich,52428,Nordrhein-Westfalen, Düren,
Korschenbroich,41352,Nordrhein-Westfalen, Rhein-Kreis Neuss,
Crailsheim,74564,Baden-Württemberg, Schwäbisch Hall,
Seelze,30926,Niedersachsen,Hannover,
Viernheim,68519,Hessen, Bergstraße,
Itzehoe,25524,Schleswig-Holstein, Steinburg,
Fürstenwalde/Spree,15517,Brandenburg, Oder-Spree,
Cloppenburg,49661,Niedersachsen, Cloppenburg,
Biberach an der Riß,88400,Baden-Württemberg, Biberach,
Wedel,22880,Schleswig-Holstein, Pinneberg,
Rheinfelden,79618,Baden-Württemberg, Lörrach,
Nienburg,31582,Niedersachsen, Nienburg,
Georgsmarienhütte,49124,Niedersachsen, Osnabrück,
Werl,59457,Nordrhein-Westfalen, Soest,
Eisenhüttenstadt,15890,Brandenburg, Oder-Spree,
Gevelsberg,58285,Nordrhein-Westfalen, Ennepe-Ruhr-Kreis,
Rheinberg,47495,Nordrhein-Westfalen, Wesel,
Bad Vilbel,61118,Hessen, Wetteraukreis,
Neuruppin,16816,Brandenburg, Ostprignitz-Ruppin,
Deggendorf,94469,Freistaat Bayern, Deggendorf,
Höxter,37671,Nordrhein-Westfalen, Höxter,
Herrenberg,71083,Baden-Württemberg, Böblingen,
Vechta,49377,Niedersachsen, Vechta,
Meschede,59872,Nordrhein-Westfalen, Hochsauerlandkreis,
Lampertheim,68623,Hessen, Bergstraße,
Lohmar,53797,Nordrhein-Westfalen, Rhein-Sieg-Kreis,
Kornwestheim,70806,Baden-Württemberg, Ludwigsburg,
Bad Nauheim,61231,Hessen, Wetteraukreis,
Kreuztal,57223,Nordrhein-Westfalen, Siegen-Wittgenstein,
Bramsche,49565,Niedersachsen, Osnabrück,
Ahrensburg,22926,Schleswig-Holstein, Stormarn,
Ennepetal,58256,Nordrhein-Westfalen, Ennepe-Ruhr-Kreis,
Idar-Oberstein,55743,Rheinland-Pfalz, Birkenfeld,
Radolfzell,78315,Baden-Württemberg, Konstanz,
Merzig,66663,Saarland, Merzig-Wadern,
Oer-Erkenschwick,45739,Nordrhein-Westfalen, Recklinghausen,
Forchheim,91301,Freistaat Bayern, Forchheim,
Osterholz-Scharmbeck,27711,Niedersachsen, Osterholz,
Bernburg,6406,Sachsen-Anhalt, Salzlandkreis,
Güstrow,18273,Mecklenburg-Vorpommern, Güstrow,
Sangerhausen,6526,Sachsen-Anhalt, Mansfeld-Südharz,
Delbrück,33129,Nordrhein-Westfalen, Paderborn,
Tönisvorst,47918,Nordrhein-Westfalen, Viersen,
Achim,28832,Niedersachsen, Verden,
Werne,59368,Nordrhein-Westfalen, Unna,
Bad Hersfeld,36251,Hessen, Hersfeld-Rotenburg,
Burgdorf,31303,Niedersachsen,Hannover,
Weil am Rhein,79576,Baden-Württemberg, Lörrach,
Waltrop,45731,Nordrhein-Westfalen, Recklinghausen,
Zeitz,6712,Sachsen-Anhalt, Burgenlandkreis,
Northeim,37154,Niedersachsen, Northeim,
Emmerich am Rhein,46446,Nordrhein-Westfalen, Kleve,
Andernach,56626,Rheinland-Pfalz, Mayen-Koblenz,
Bühl,77815,Baden-Württemberg, Rastatt,
Oelde,59302,Nordrhein-Westfalen, Warendorf,
Springe,31832,Niedersachsen,Hannover,
Staßfurt,39418,Sachsen-Anhalt, Salzlandkreis,
Geesthacht,21502,Schleswig-Holstein, Herzogtum Lauenburg,
Haan,42781,Nordrhein-Westfalen, Mettmann,
Wegberg,41844,Nordrhein-Westfalen, Heinsberg,
Gaggenau,76571,Baden-Württemberg, Rastatt,
Friedberg,86316,Freistaat Bayern, Aichach-Friedberg,
Schwelm,58332,Nordrhein-Westfalen, Ennepe-Ruhr-Kreis,
Aschersleben,6449,Sachsen-Anhalt, Salzlandkreis,
Taunusstein,65232,Hessen, Rheingau-Taunus-Kreis,
Sundern,59846,Nordrhein-Westfalen, Hochsauerlandkreis,
Vaihingen an der Enz,71665,Baden-Württemberg, Ludwigsburg,
Rietberg,33397,Nordrhein-Westfalen, Gütersloh,
Zittau,2763,Freistaat Sachsen, Görlitz,
Weißenfels,6667,Sachsen-Anhalt, Burgenlandkreis,
Köthen,6366,Sachsen-Anhalt, Anhalt-Bitterfeld,
Bretten,75015,Baden-Württemberg, Karlsruhe,
Naumburg,6618,Sachsen-Anhalt, Burgenlandkreis,
Kevelaer,47623,Nordrhein-Westfalen, Kleve,
Wetter,58300,Nordrhein-Westfalen, Ennepe-Ruhr-Kreis,
Rendsburg,24768,Schleswig-Holstein, Rendsburg-Eckernförde,
Neuburg a.d.Donau,86633,Freistaat Bayern, Neuburg-Schrobenhausen,
Geilenkirchen,52511,Nordrhein-Westfalen, Heinsberg,
Baesweiler,52499,Nordrhein-Westfalen, Leverkusen,
Friedberg,61169,Hessen, Wetteraukreis,
Landsberg am Lech,86899,Freistaat Bayern, Landsberg am Lech,
Schwandorf,92421,Freistaat Bayern, Schwandorf,
Hamminkeln,46499,Nordrhein-Westfalen, Wesel,
Meißen,1662,Freistaat Sachsen, Meißen,
Baunatal,34225,Hessen, Kassel,
Neukirchen-Vluyn,47506,Nordrhein-Westfalen, Wesel,
Kelkheim,65779,Hessen, Main-Taunus-Kreis,
Winnenden,71364,Baden-Württemberg, Rems-Murr-Kreis,
Leichlingen,42799,Nordrhein-Westfalen, Rheinisch-Bergischer Kreis,
Bad Neuenahr-Ahrweiler,53474,Rheinland-Pfalz, Ahrweiler,
Warstein,59581,Nordrhein-Westfalen, Soest,
Königsbrunn,86343,Freistaat Bayern, Augsburg,
Wangen,88239,Baden-Württemberg, Ravensburg,
Lennestadt,57368,Nordrhein-Westfalen, Olpe,
Mechernich,53894,Nordrhein-Westfalen, Euskirchen,
Leimen,69181,Baden-Württemberg, Rhein-Neckar-Kreis,
Selm,59379,Nordrhein-Westfalen, Unna,
Rösrath,51503,Nordrhein-Westfalen, Rheinisch-Bergischer Kreis,
Rheinbach,53359,Nordrhein-Westfalen, Rhein-Sieg-Kreis,
Rinteln,31737,Niedersachsen, Schaumburg,
Overath,51491,Nordrhein-Westfalen, Rheinisch-Bergischer Kreis,
Nordenham,26954,Niedersachsen, Wesermarsch,
Geislingen an der Steige,73312,Baden-Württemberg, Göppingen,
Saalfeld/Saale,7318,Freistaat Thüringen, Saalfeld-Rudolstadt,
Verden,27283,Niedersachsen, Verden,
Kulmbach,95326,Freistaat Bayern, Kulmbach,
Senftenberg,1968,Brandenburg, Oberspreewald-Lausitz,
Heiligenhaus,42579,Nordrhein-Westfalen, Mettmann,
Einbeck,37574,Niedersachsen, Northeim,
Emmendingen,79312,Baden-Württemberg, Emmendingen,
Plettenberg,58840,Nordrhein-Westfalen, Märkischer Kreis,
Neckarsulm,74172,Baden-Württemberg, Heilbronn,
Mühlheim am Main,63165,Hessen, Offenbach,
Unterschleißheim,85716,Freistaat Bayern, München,
Delitzsch,4509,Freistaat Sachsen, Nordsachsen,
Brilon,59929,Nordrhein-Westfalen, Hochsauerlandkreis,
Weinstadt,71384,Baden-Württemberg, Rems-Murr-Kreis,
St. Wendel,66606,Saarland, St. Wendel,
Strausberg,15344,Brandenburg, Märkisch-Oderland,
Griesheim,64347,Hessen, Darmstadt-Dieburg,
Rödermark,63322,Hessen, Offenbach,
Schloß Holte-Stukenbrock,33758,Nordrhein-Westfalen, Gütersloh,
Lauf a.d.Pegnitz,91207,Freistaat Bayern, Nürnberger Land,
Petershagen,32469,Nordrhein-Westfalen, Minden-Lübbecke,
Ilmenau,98693,Freistaat Thüringen, Ilm-Kreis,
Wiesloch,69168,Baden-Württemberg, Rhein-Neckar-Kreis,
Lohne,49393,Niedersachsen, Vechta,
Hennigsdorf,16761,Brandenburg, Oberhavel,
Lübbecke,32312,Nordrhein-Westfalen, Minden-Lübbecke,
Reinbek,21465,Schleswig-Holstein, Stormarn,
Zirndorf,90513,Freistaat Bayern, Fürth,
Rottweil,78628,Baden-Württemberg, Rottweil,
Horb am Neckar,72160,Baden-Württemberg, Freudenstadt,
Wiehl,51674,Nordrhein-Westfalen, Oberbergischer Kreis,
Ehingen,89584,Baden-Württemberg, Alb-Donau-Kreis,
Limbach-Oberfrohna,9212,Freistaat Sachsen, Zwickau,
Schmallenberg,57392,Nordrhein-Westfalen, Hochsauerlandkreis,
Rathenow,14712,Brandenburg, Havelland,
Mühlacker,75417,Baden-Württemberg, Enzkreis,
Sprockhövel,45549,Nordrhein-Westfalen, Ennepe-Ruhr-Kreis,
Olpe,57462,Nordrhein-Westfalen, Olpe,
Hattersheim am Main,65795,Hessen, Main-Taunus-Kreis,
Heppenheim,64646,Hessen, Bergstraße,
Espelkamp,32339,Nordrhein-Westfalen, Minden-Lübbecke,
Arnstadt,99310,Freistaat Thüringen, Ilm-Kreis,
Bad Honnef,53604,Nordrhein-Westfalen, Rhein-Sieg-Kreis,
Norden,26506,Niedersachsen, Aurich,
Butzbach,35510,Hessen, Wetteraukreis,
Achern,77855,Baden-Württemberg, Ortenaukreis,
Übach-Palenberg,52531,Nordrhein-Westfalen, Heinsberg,
Salzkotten,33154,Nordrhein-Westfalen, Paderborn,
Herdecke,58313,Nordrhein-Westfalen, Ennepe-Ruhr-Kreis,
Bedburg,50181,Nordrhein-Westfalen, Rhein-Erft-Kreis,
Attendorn,57439,Nordrhein-Westfalen, Olpe,
Ellwangen,73479,Baden-Württemberg, Ostalbkreis,
Spremberg,3130,Brandenburg, Spree-Neiße,
Glauchau,8371,Freistaat Sachsen, Zwickau,
Lindau,88131,Freistaat Bayern, Lindau,
Varel,26316,Niedersachsen, Friesland,
Eisleben,6295,Sachsen-Anhalt, Mansfeld-Südharz,
Mosbach,74821,Baden-Württemberg, Neckar-Odenwald-Kreis,
Pfungstadt,64319,Hessen, Darmstadt-Dieburg,
Friedrichsdorf,61381,Hessen, Hochtaunuskreis,
Ditzingen,71254,Baden-Württemberg, Ludwigsburg,
Hann. Münden,34346,Niedersachsen, Göttingen,
Roth,91154,Freistaat Bayern, Roth,
Syke,28857,Niedersachsen, Diepholz,
Burg,39288,Sachsen-Anhalt, Jerichower Land,
Meckenheim,53340,Nordrhein-Westfalen, Rhein-Sieg-Kreis,
Markkleeberg,4416,Freistaat Sachsen, Leipzig,
Netphen,57250,Nordrhein-Westfalen, Siegen-Wittgenstein,
Weiterstadt,64331,Hessen, Darmstadt-Dieburg,
Bad Oldesloe,23843,Schleswig-Holstein, Stormarn,
Lüdinghausen,59348,Nordrhein-Westfalen, Coesfeld,
Hohen Neuendorf,16540,Brandenburg, Oberhavel,
Bingen am Rhein,55411,Rheinland-Pfalz, Mainz-Bingen,
Obertshausen,63179,Hessen, Offenbach,
Helmstedt,38350,Niedersachsen, Helmstedt,
Harsewinkel,33428,Nordrhein-Westfalen, Gütersloh,
Pfaffenhofen,85276,Freistaat Bayern, Pfaffenhofen,
Schleswig,24837,Schleswig-Holstein, Schleswig-Flensburg,
Ingelheim am Rhein,55218,Rheinland-Pfalz, Mainz-Bingen,
Rudolstadt,7407,Freistaat Thüringen, Saalfeld-Rudolstadt,
Walsrode,29664,Niedersachsen, Soltau-Fallingbostel,
Ludwigsfelde,14974,Brandenburg, Teltow-Fläming,
Waldkraiburg,84478,Freistaat Bayern, Mühldorf a.Inn,
Korbach,34497,Hessen, Waldeck-Frankenberg,
Wertheim,97877,Baden-Württemberg, Main-Tauber-Kreis,
Weingarten,88250,Baden-Württemberg, Ravensburg,
Freudenstadt,72250,Baden-Württemberg, Freudenstadt,
Osterode am Harz,37520,Niedersachsen, Osterode am Harz,
Dillenburg,35683,Hessen, Lahn-Dill-Kreis,
Warburg,34414,Nordrhein-Westfalen, Höxter,
Stutensee,76297,Baden-Württemberg, Karlsruhe,
Sondershausen,99706,Freistaat Thüringen, Kyffhäuserkreis,
Wipperfürth,51688,Nordrhein-Westfalen, Oberbergischer Kreis,
Geretsried,82538,Freistaat Bayern, Bad Tölz-Wolfratshausen,
Remseck am Neckar,71686,Baden-Württemberg, Ludwigsburg,
Calw,75365,Baden-Württemberg, Calw,
Groß-Gerau,64521,Hessen, Groß-Gerau,
Apolda,99510,Freistaat Thüringen, Weimarer Land,
Ronnenberg,30952,Niedersachsen,Hannover,
Idstein,65510,Hessen, Rheingau-Taunus-Kreis,
Starnberg,82319,Freistaat Bayern, Starnberg,
Werder,14542,Brandenburg, Potsdam-Mittelmark,
Haren,49733,Niedersachsen, Emsland,
Werdau,8412,Freistaat Sachsen, Zwickau,
Waldshut-Tiengen,79761,Baden-Württemberg, Waldshut,
Herzogenaurach,91074,Freistaat Bayern, Erlangen-Höchstadt,
Sehnde,31319,Niedersachsen,Hannover,
Radevormwald,42477,Nordrhein-Westfalen, Oberbergischer Kreis,
Eckernförde,24340,Schleswig-Holstein, Rendsburg-Eckernförde,
Öhringen,74613,Baden-Württemberg, Hohenlohekreis,
Vreden,48691,Nordrhein-Westfalen, Borken,
Nagold,72202,Baden-Württemberg, Calw,
Sonneberg,96515,Freistaat Thüringen, Sonneberg,
Bad Mergentheim,97980,Baden-Württemberg, Main-Tauber-Kreis,
Rees,46459,Nordrhein-Westfalen, Kleve,
Senden,89250,Freistaat Bayern, Neu-Ulm,
Stadthagen,31655,Niedersachsen, Schaumburg,
Lengerich,49525,Nordrhein-Westfalen, Steinfurt,
Husum,25813,Schleswig-Holstein, Nordfriesland,
Greiz,7973,Freistaat Thüringen, Greiz,
Fröndenberg/Ruhr,58730,Nordrhein-Westfalen, Unna,
Blieskastel,66440,Saarland, Saarpfalz-Kreis,
Annaberg-Buchholz,9456,Freistaat Sachsen, Erzgebirgskreis,
Bad Harzburg,38667,Niedersachsen, Goslar,
Leutkirch,88299,Baden-Württemberg, Ravensburg,
Metzingen,72555,Baden-Württemberg, Reutlingen,
Westerstede,26655,Niedersachsen, Ammerland,
Teltow,14513,Brandenburg, Potsdam-Mittelmark,
Schwetzingen,68723,Baden-Württemberg, Rhein-Neckar-Kreis,
Duderstadt,37115,Niedersachsen, Göttingen,
Rotenburg,27356,Niedersachsen, Rotenburg,
Soltau,29614,Niedersachsen, Soltau-Fallingbostel,
Karben,61184,Hessen, Wetteraukreis,
Überlingen,88662,Baden-Württemberg, Bodenseekreis,
Bad Soden am Taunus,65812,Hessen, Main-Taunus-Kreis,
Weilheim i.OB,82362,Freistaat Bayern, Weilheim-Schongau,
Coswig,1640,Freistaat Sachsen, Meißen,
Neustrelitz,17235,Mecklenburg-Vorpommern, Mecklenburg-Strelitz,
Xanten,46509,Nordrhein-Westfalen, Wesel,
Neusäß,86356,Freistaat Bayern, Augsburg,
Büren,33142,Nordrhein-Westfalen, Paderborn,
Gelnhausen,63571,Hessen, Main-Kinzig-Kreis,
Wülfrath,42489,Nordrhein-Westfalen, Mettmann,
Riedstadt,64560,Hessen, Groß-Gerau,
Schramberg,78713,Baden-Württemberg, Rottweil,
Groß-Umstadt,64823,Hessen, Darmstadt-Dieburg,
Eppingen,75031,Baden-Württemberg, Heilbronn,
Büdingen,63654,Hessen, Wetteraukreis,
Quedlinburg,6484,Sachsen-Anhalt, Harz,
Waren,17192,Mecklenburg-Vorpommern, Müritz,
Crimmitschau,8451,Freistaat Sachsen, Zwickau,
Stadtallendorf,35260,Hessen, Marburg-Biedenkopf,
Donaueschingen,78166,Baden-Württemberg, Schwarzwald-Baar-Kreis,
Hockenheim,68766,Baden-Württemberg, Rhein-Neckar-Kreis,
Marsberg,34431,Nordrhein-Westfalen, Hochsauerlandkreis,
Halle,33790,Nordrhein-Westfalen, Gütersloh,
Meinerzhagen,58540,Nordrhein-Westfalen, Märkischer Kreis,
Versmold,33775,Nordrhein-Westfalen, Gütersloh,
Forst (Lausitz),3149,Brandenburg, Spree-Neiße,
Dillingen/ Saar,66763,Saarland, Saarlouis,
Borna,4552,Freistaat Sachsen, Leipzig,
Aichach,86551,Freistaat Bayern, Aichach-Friedberg,
Wittmund,26409,Niedersachsen, Wittmund,
Sonthofen,87527,Freistaat Bayern, Oberallgäu,
Bad Pyrmont,31812,Niedersachsen, Hameln-Pyrmont,
Kitzingen,97318,Freistaat Bayern, Kitzingen,
Traunreut,83301,Freistaat Bayern, Traunstein,
Herborn,35745,Hessen, Lahn-Dill-Kreis,
Schortens,26419,Niedersachsen, Friesland,
Bad Kissingen,97688,Freistaat Bayern, Bad Kissingen,
Eschborn,65760,Hessen, Main-Taunus-Kreis,
Heide,25746,Schleswig-Holstein, Dithmarschen,
Waldkirch,79183,Baden-Württemberg, Emmendingen,
Meiningen,98617,Freistaat Thüringen, Schmalkalden-Meiningen,
Stadtlohn,48703,Nordrhein-Westfalen, Borken,
Geseke,59590,Nordrhein-Westfalen, Soest,
Germersheim,76726,Rheinland-Pfalz, Germersheim,
Lichtenfels,96215,Freistaat Bayern, Lichtenfels,
Luckenwalde,14943,Brandenburg, Teltow-Fläming,
Bruchköbel,63486,Hessen, Main-Kinzig-Kreis,
Bad Rappenau,74906,Baden-Württemberg, Heilbronn,
Waghäusel,68753,Baden-Württemberg, Karlsruhe,
Rheinstetten,76287,Baden-Württemberg, Karlsruhe,
Friesoythe,26169,Niedersachsen, Cloppenburg,
Gersthofen,86368,Freistaat Bayern, Augsburg,
Quickborn,25451,Schleswig-Holstein, Pinneberg,
Bückeburg,31675,Niedersachsen, Schaumburg,
Seesen,38723,Niedersachsen, Goslar,
Reichenbach im Vogtland,8468,Freistaat Sachsen, Vogtlandkreis,
Burgwedel,30938,Niedersachsen,Hannover,
Alfeld,31061,Niedersachsen, Hildesheim,
Döbeln,4720,Freistaat Sachsen, Mittelsachsen,
Seligenstadt,63500,Hessen, Offenbach,
Schmalkalden,98574,Freistaat Thüringen, Schmalkalden-Meiningen,
Flörsheim am Main,65439,Hessen, Main-Taunus-Kreis,
Auerbach,8209,Freistaat Sachsen, Vogtlandkreis,
Holzminden,37603,Niedersachsen, Holzminden,
Eislingen/ Fils,73054,Baden-Württemberg, Göppingen,
Prenzlau,17291,Brandenburg, Uckermark,
Enger,32130,Nordrhein-Westfalen, Herford,
Mössingen,72116,Baden-Württemberg, Tübingen,
Zülpich,53909,Nordrhein-Westfalen, Euskirchen,
Püttlingen,66346,Saarland, Regionalverband Saarbrücken,
Eschwege,37269,Hessen, Werra-Meißner-Kreis,
Sömmerda,99610,Freistaat Thüringen, Sömmerda,
Bad Berleburg,57319,Nordrhein-Westfalen, Siegen-Wittgenstein,
Oberkirch,77704,Baden-Württemberg, Ortenaukreis,
Ennigerloh,59320,Nordrhein-Westfalen, Warendorf,
Torgau,4860,Freistaat Sachsen, Nordsachsen,
Hörstel,48477,Nordrhein-Westfalen, Steinfurt,
Bad Waldsee,88339,Baden-Württemberg, Ravensburg,
Kaltenkirchen,24568,Schleswig-Holstein, Segeberg,
Lebach,66822,Saarland, Saarlouis,
Nidderau,61130,Hessen, Main-Kinzig-Kreis,
Sulzbach-Rosenberg,92237,Freistaat Bayern, Amberg-Sulzbach,
Bergneustadt,51702,Nordrhein-Westfalen, Oberbergischer Kreis,
Leinefelde-Worbis,37327,Freistaat Thüringen, Eichsfeld,
Laupheim,88471,Baden-Württemberg, Biberach,
Bad Schwartau,23611,Schleswig-Holstein, Ostholstein,
Guben,3172,Brandenburg, Spree-Neiße,
Salzwedel,29410,Sachsen-Anhalt, Altmarkkreis Salzwedel,
Weißwasser,2943,Freistaat Sachsen, Görlitz,
Günzburg,89312,Freistaat Bayern, Günzburg,
Vlotho,32602,Nordrhein-Westfalen, Herford,
Giengen an der Brenz,89537,Baden-Württemberg, Heidenheim,
Ochtrup,48607,Nordrhein-Westfalen, Steinfurt,
Schifferstadt,67105,Rheinland-Pfalz, Rhein-Pfalz-Kreis,
Waldbröl,51545,Nordrhein-Westfalen, Oberbergischer Kreis,
Rhede,46414,Nordrhein-Westfalen, Borken,
Haiger,35708,Hessen, Lahn-Dill-Kreis,
Telgte,48291,Nordrhein-Westfalen, Warendorf,
Oschersleben,39387,Sachsen-Anhalt, Börde,
Hechingen,72379,Baden-Württemberg, Zollernalbkreis,
Hessisch Oldendorf,31840,Niedersachsen, Hameln-Pyrmont,
Bad Driburg,33014,Nordrhein-Westfalen, Höxter,
Wildeshausen,27793,Niedersachsen, Oldenburg,
Haldensleben,39340,Sachsen-Anhalt, Börde,
Werdohl,58791,Nordrhein-Westfalen, Märkischer Kreis,
Nördlingen,86720,Freistaat Bayern, Donau-Ries,
Gerlingen,70839,Baden-Württemberg, Ludwigsburg,
Weil der Stadt,71263,Baden-Württemberg, Böblingen,
Schopfheim,79650,Baden-Württemberg, Lörrach,
Grimma,4668,Freistaat Sachsen, Leipzig,
Schneverdingen,29640,Niedersachsen, Soltau-Fallingbostel,
Frankenberg,35066,Hessen, Waldeck-Frankenberg,
Bad Dürkheim,67098,Rheinland-Pfalz, Bad Dürkheim,
Bad Friedrichshall,74177,Baden-Württemberg, Heilbronn,
Bremervörde,27432,Niedersachsen, Rotenburg,
Traunstein,83278,Freistaat Bayern, Traunstein,
Alzenau,63755,Freistaat Bayern, Aschaffenburg,
Burscheid,51399,Nordrhein-Westfalen, Rheinisch-Bergischer Kreis,
Altena,58762,Nordrhein-Westfalen, Märkischer Kreis,
Mayen,56727,Rheinland-Pfalz, Mayen-Koblenz,
Bad Münstereifel,53902,Nordrhein-Westfalen, Euskirchen,
Wittenberge,19322,Brandenburg, Prignitz,
Schwarzenberg,8340,Freistaat Sachsen, Erzgebirgskreis,
Parchim,19370,Mecklenburg-Vorpommern, Parchim,
Schwalmstadt,34613,Hessen, Schwalm-Eder-Kreis,
Hemmingen,30966,Niedersachsen,Hannover,
Tettnang,88069,Baden-Württemberg, Bodenseekreis,
Pfullingen,72793,Baden-Württemberg, Reutlingen,
Korntal-Münchingen,70825,Baden-Württemberg, Ludwigsburg,
Sarstedt,31157,Niedersachsen, Hildesheim,
Langen,27607,Niedersachsen, Cuxhaven,
Mölln,23879,Schleswig-Holstein, Herzogtum Lauenburg,
Schenefeld,22869,Schleswig-Holstein, Pinneberg,
Freudenberg,57258,Nordrhein-Westfalen, Siegen-Wittgenstein,
Radeberg,1454,Freistaat Sachsen, Bautzen,
Buchen,74722,Baden-Württemberg, Neckar-Odenwald-Kreis,
Müllheim,79379,Baden-Württemberg, Breisgau-Hochschwarzwald,
Dillingen a.d.Donau,89407,Freistaat Bayern, Dillingen a.d.Donau,
Bexbach,66450,Saarland, Saarpfalz-Kreis,
Vellmar,34246,Hessen, Kassel,
Heusenstamm,63150,Hessen, Offenbach,
Marktoberdorf,87616,Freistaat Bayern, Ostallgäu,
Burghausen,84489,Freistaat Bayern, Altötting,
Donauwörth,86609,Freistaat Bayern, Donau-Ries,
Bad Langensalza,99947,Freistaat Thüringen, Unstrut-Hainich-Kreis,
Bad Aibling,83043,Freistaat Bayern, Rosenheim,
Pohlheim,35415,Hessen, Gießen,
Dingolfing,84130,Freistaat Bayern, Dingolfing-Landau,
Lahnstein,56112,Rheinland-Pfalz, Rhein-Lahn-Kreis,
Konz,54329,Rheinland-Pfalz, Trier-Saarburg,
Wolfratshausen,82515,Freistaat Bayern, Bad Tölz-Wolfratshausen,
Horn-Bad Meinberg,32805,Nordrhein-Westfalen, Lippe,
Mühldorf a.Inn,84453,Freistaat Bayern, Mühldorf a.Inn,
Kolbermoor,83059,Freistaat Bayern, Rosenheim,
Wittlich,54516,Rheinland-Pfalz, Bernkastel-Wittlich,
Alzey,55232,Rheinland-Pfalz, Alzey-Worms,
Schkeuditz,4435,Freistaat Sachsen, Nordsachsen,
Nidda,63667,Hessen, Wetteraukreis,
Bad Münder am Deister,31848,Niedersachsen, Hameln-Pyrmont,
Bad Tölz,83646,Freistaat Bayern, Bad Tölz-Wolfratshausen,
Uetersen,25436,Schleswig-Holstein, Pinneberg,
Zossen,15806,Brandenburg, Teltow-Fläming,
Kronberg im Taunus,61476,Hessen, Hochtaunuskreis,
Bad Saulgau,88348,Baden-Württemberg, Sigmaringen,
Aue,8280,Freistaat Sachsen, Erzgebirgskreis,
Weißenburg,91781,Freistaat Bayern, Weißenburg-Gunzenhausen,
Sachsenheim,74343,Baden-Württemberg, Ludwigsburg,
Finsterwalde,3238,Brandenburg, Elbe-Elster,
Eltville am Rhein,65343,Hessen, Rheingau-Taunus-Kreis,
Sinzig,53489,Rheinland-Pfalz, Ahrweiler,
Sulzbach/ Saar,66280,Saarland, Regionalverband Saarbrücken,
Moosburg a.d.Isar,85368,Freistaat Bayern, Freising,
Kronach,96317,Freistaat Bayern, Kronach,
Bad Wildungen,34537,Hessen, Waldeck-Frankenberg,
Bad Reichenhall,83435,Freistaat Bayern, Berchtesgadener Land,
Marktredwitz,95615,Freistaat Bayern, Wunsiedel,
Kierspe,58566,Nordrhein-Westfalen, Märkischer Kreis,
Wörth am Rhein,76744,Rheinland-Pfalz, Germersheim,
Lauchhammer,1979,Brandenburg, Oberspreewald-Lausitz,
Renningen,71272,Baden-Württemberg, Böblingen,
Eutin,23701,Schleswig-Holstein, Ostholstein,
Wassenberg,41849,Nordrhein-Westfalen, Heinsberg,
Kamenz,1917,Freistaat Sachsen, Bautzen,
Gescher,48712,Nordrhein-Westfalen, Borken,
Bendorf,56170,Rheinland-Pfalz, Mayen-Koblenz,
Reinheim,64354,Hessen, Darmstadt-Dieburg,
Brakel,33034,Nordrhein-Westfalen, Höxter,
Oberasbach,90522,Freistaat Bayern, Fürth,
Cham,93413,Freistaat Bayern, Cham,
Wurzen,4808,Freistaat Sachsen, Leipzig,
Lübbenau,3222,Brandenburg, Oberspreewald-Lausitz,
Halver,58553,Nordrhein-Westfalen, Märkischer Kreis,
Hochheim am Main,65239,Hessen, Main-Taunus-Kreis,
Großenhain,1558,Freistaat Sachsen, Meißen,
Schlüchtern,36381,Hessen, Main-Kinzig-Kreis,
Bad Säckingen,79713,Baden-Württemberg, Waldshut,
Eilenburg,4838,Freistaat Sachsen, Nordsachsen,
Oerlinghausen,33813,Nordrhein-Westfalen, Lippe,
Heilbad Heiligenstadt,37308,Freistaat Thüringen, Eichsfeld,
Alsfeld,36304,Hessen, Vogelsbergkreis,
Bad Krozingen,79189,Baden-Württemberg, Breisgau-Hochschwarzwald,
Thale,6502,Sachsen-Anhalt, Harz,
Neustadt in Holstein,23730,Schleswig-Holstein, Ostholstein,
Löbau,2708,Freistaat Sachsen, Görlitz,
Stockach,78333,Baden-Württemberg, Konstanz,
Michelstadt,64720,Hessen, Odenwaldkreis,
Wadern,66687,Saarland, Merzig-Wadern,
Diepholz,49356,Niedersachsen, Diepholz,
Nauen,14641,Brandenburg, Havelland,
Templin,17268,Brandenburg, Uckermark,
Illertissen,89257,Freistaat Bayern, Neu-Ulm,
Bobingen,86399,Freistaat Bayern, Augsburg,
Munster,29633,Niedersachsen, Soltau-Fallingbostel,
Damme,49401,Niedersachsen, Vechta,
Sigmaringen,72488,Baden-Württemberg, Sigmaringen,
Heidenau,1809,Freistaat Sachsen, Sächs. Schweiz-Osterzgebirge,
Zeulenroda-Triebes,7937,Freistaat Thüringen, Greiz,
Meerane,8393,Freistaat Sachsen, Zwickau,
Vilshofen an der Donau,94474,Freistaat Bayern, Passau,
Bad Arolsen,34454,Hessen, Waldeck-Frankenberg,
Blomberg,32825,Nordrhein-Westfalen, Lippe,
Glinde,21509,Schleswig-Holstein, Stormarn,
Kirchhain,35274,Hessen, Marburg-Biedenkopf,
Penzberg,82377,Freistaat Bayern, Weilheim-Schongau,
Gunzenhausen,91710,Freistaat Bayern, Weißenburg-Gunzenhausen,
Remagen,53424,Rheinland-Pfalz, Ahrweiler,
Ribnitz-Damgarten,18311,Mecklenburg-Vorpommern, Nordvorpommern,
Babenhausen,64832,Hessen, Darmstadt-Dieburg,
Hünfeld,36088,Hessen, Fulda,
Selb,95100,Freistaat Bayern, Wunsiedel,
Schrobenhausen,86529,Freistaat Bayern, Neuburg-Schrobenhausen,
Wendlingen am Neckar,73240,Baden-Württemberg, Esslingen,
Bad Salzungen,36433,Freistaat Thüringen, Wartburgkreis,
Neustadt b.Coburg,96465,Freistaat Bayern, Coburg,
Hohenstein-Ernstthal,9337,Freistaat Sachsen, Zwickau,
Königslutter am Elm,38154,Niedersachsen, Helmstedt,
Bassum,27211,Niedersachsen, Diepholz,
Freilassing,83395,Freistaat Bayern, Berchtesgadener Land,
Boppard,56154,Rheinland-Pfalz, Rhein-Hunsrück-Kreis,
Frankenberg,9669,Freistaat Sachsen, Mittelsachsen,
Bad Segeberg,23795,Schleswig-Holstein, Segeberg,
Lohr,97816,Freistaat Bayern, Main-Spessart,
Preetz,24211,Schleswig-Holstein, Plön,
Hofgeismar,34369,Hessen, Kassel,
Hückeswagen,42499,Nordrhein-Westfalen, Oberbergischer Kreis,
Sandersdorf-Brehna,6792,Sachsen-Anhalt, Anhalt-Bitterfeld,
Königstein im Taunus,61462,Hessen, Hochtaunuskreis,
Rahden,32369,Nordrhein-Westfalen, Minden-Lübbecke,
Freiberg am Neckar,71691,Baden-Württemberg, Ludwigsburg,
Erwitte,59597,Nordrhein-Westfalen, Soest,
Brake,26919,Niedersachsen, Wesermarsch,
Hilchenbach,57271,Nordrhein-Westfalen, Siegen-Wittgenstein,
Mittweida,9648,Freistaat Sachsen, Mittelsachsen,
Weener,26826,Niedersachsen, Leer,
Genthin,39307,Sachsen-Anhalt, Jerichower Land,
Bad Neustadt a.d.Saale,97616,Freistaat Bayern, Rhön-Grabfeld,
Bürstadt,68642,Hessen, Bergstraße,
Bad Bentheim,48455,Niedersachsen, Grafschaft Bentheim,
Marbach am Neckar,71672,Baden-Württemberg, Ludwigsburg,
Schneeberg,8289,Freistaat Sachsen, Erzgebirgskreis,
Kelheim,93309,Freistaat Bayern, Kelheim,
Oschatz,4758,Freistaat Sachsen, Nordsachsen,
Straelen,47638,Nordrhein-Westfalen, Kleve,
Garching,85748,Freistaat Bayern, München,
Wittstock,16909,Brandenburg, Ostprignitz-Ruppin,
Witzenhausen,37213,Hessen, Werra-Meißner-Kreis,
Altdorf b.Nürnberg,90518,Freistaat Bayern, Nürnberger Land,
Ebersbach an der Fils,73061,Baden-Württemberg, Göppingen,
Drensteinfurt,48317,Nordrhein-Westfalen, Warendorf,
Trossingen,78647,Baden-Württemberg, Tuttlingen,
Brackenheim,74336,Baden-Württemberg, Heilbronn,
Dieburg,64807,Hessen, Darmstadt-Dieburg,
Olsberg,59939,Nordrhein-Westfalen, Hochsauerlandkreis,
Bad Lippspringe,33175,Nordrhein-Westfalen, Paderborn,
Bargteheide,22941,Schleswig-Holstein, Stormarn,
Ober-Ramstadt,64372,Hessen, Darmstadt-Dieburg,
Markranstädt,4420,Freistaat Sachsen, Leipzig,
Eberbach,69412,Baden-Württemberg, Rhein-Neckar-Kreis,
Spenge,32139,Nordrhein-Westfalen, Herford,
Ottweiler,66564,Saarland, Neunkirchen,
Schwarzenbek,21493,Schleswig-Holstein, Herzogtum Lauenburg,
Karlstadt,97753,Freistaat Bayern, Main-Spessart,
Schriesheim,69198,Baden-Württemberg, Rhein-Neckar-Kreis,
Blankenburg,38889,Sachsen-Anhalt, Harz,
Pocking,94060,Freistaat Bayern, Passau,
Kraichtal,76703,Baden-Württemberg, Karlsruhe,
Künzelsau,74653,Baden-Württemberg, Hohenlohekreis,
Uslar,37170,Niedersachsen, Northeim,
Neu-Anspach,61267,Hessen, Hochtaunuskreis,
Raunheim,65479,Hessen, Groß-Gerau,
Stadtbergen,86391,Freistaat Bayern, Augsburg,
Walldorf,69190,Baden-Württemberg, Rhein-Neckar-Kreis,
Eppelheim,69214,Baden-Württemberg, Rhein-Neckar-Kreis,
Schwalbach am Taunus,65824,Hessen, Main-Taunus-Kreis,
Lauda-Königshofen,97922,Baden-Württemberg, Main-Tauber-Kreis,
Zerbst/Anhalt,39261,Sachsen-Anhalt, Anhalt-Bitterfeld,
Gehrden,30989,Niedersachsen,Hannover,
Leuna,6237,Sachsen-Anhalt, Saalekreis,
Clausthal-Zellerfeld,38678,Niedersachsen, Goslar,
Bad Laasphe,57334,Nordrhein-Westfalen, Siegen-Wittgenstein,
Münsingen,72525,Baden-Württemberg, Reutlingen,
Angermünde,16278,Brandenburg, Uckermark,
Oberndorf am Neckar,78727,Baden-Württemberg, Rottweil,
Markgröningen,71706,Baden-Württemberg, Ludwigsburg,
Fritzlar,34560,Hessen, Schwalm-Eder-Kreis,
Isny,88316,Baden-Württemberg, Ravensburg,
Hettstedt,6333,Sachsen-Anhalt, Mansfeld-Südharz,
Gernsbach,76593,Baden-Württemberg, Rastatt,
Breisach am Rhein,79206,Baden-Württemberg, Breisgau-Hochschwarzwald,
Langenau,89129,Baden-Württemberg, Alb-Donau-Kreis,
Bad Wurzach,88410,Baden-Württemberg, Ravensburg,
Taucha,4425,Freistaat Sachsen, Nordsachsen,
Beverungen,37688,Nordrhein-Westfalen, Höxter,
Homberg,34576,Hessen, Schwalm-Eder-Kreis,
Sassenberg,48336,Nordrhein-Westfalen, Warendorf,
Füssen,87629,Freistaat Bayern, Ostallgäu,
Immenstadt,87509,Freistaat Bayern, Oberallgäu,
Jessen,6917,Sachsen-Anhalt, Wittenberg,
Bad Camberg,65520,Hessen, Limburg-Weilburg,
Lübben,15907,Brandenburg, Dahme-Spreewald,
Plochingen,73207,Baden-Württemberg, Esslingen,
Bergen auf Rügen,18528,Mecklenburg-Vorpommern, Rügen,
Zehdenick,16792,Brandenburg, Oberhavel,
Mindelheim,87719,Freistaat Bayern, Unterallgäu,
Herzberg am Harz,37412,Niedersachsen, Osterode am Harz,
Bad Wörishofen,86825,Freistaat Bayern, Unterallgäu,
Mainburg,84048,Freistaat Bayern, Kelheim,
Lauterbach,36341,Hessen, Vogelsbergkreis,
Murrhardt,71540,Baden-Württemberg, Rems-Murr-Kreis,
Neustadt,1844,Freistaat Sachsen, Sächs. Schweiz-Osterzgebirge,
Kalkar,47546,Nordrhein-Westfalen, Kleve,
Pattensen,30982,Niedersachsen,Hannover,
Neckargemünd,69151,Baden-Württemberg, Rhein-Neckar-Kreis,
Bebra,36179,Hessen, Hersfeld-Rotenburg,
Jever,26441,Niedersachsen, Friesland,
Grünberg,35305,Hessen, Gießen,
Stein,90547,Freistaat Bayern, Fürth,
Eichstätt,85072,Freistaat Bayern, Eichstätt,
Bad Salzdetfurth,31162,Niedersachsen, Hildesheim,
Winterberg,59955,Nordrhein-Westfalen, Hochsauerlandkreis,
Uhingen,73066,Baden-Württemberg, Göppingen,
Dorfen,84405,Freistaat Bayern, Erding,
Ratzeburg,23909,Schleswig-Holstein, Herzogtum Lauenburg,
Bad Bramstedt,24576,Schleswig-Holstein, Segeberg,
Aßlar,35614,Hessen, Lahn-Dill-Kreis,
Wilsdruff,1723,Freistaat Sachsen, Sächs. Schweiz-Osterzgebirge,
Rotenburg,36199,Hessen, Hersfeld-Rotenburg,
Pegnitz,91257,Freistaat Bayern, Bayreuth,
Schwentinental,24223,Schleswig-Holstein, Plön,
Linnich,52441,Nordrhein-Westfalen, Düren,
Bad Soden-Salmünster,63628,Hessen, Main-Kinzig-Kreis,
Melsungen,34212,Hessen, Schwalm-Eder-Kreis,
Schleiden,53937,Nordrhein-Westfalen, Euskirchen,
Solms,35606,Hessen, Lahn-Dill-Kreis,
Zeven,27404,Niedersachsen, Rotenburg,
Marienberg,9496,Freistaat Sachsen, Erzgebirgskreis,
Kelsterbach,65451,Hessen, Groß-Gerau,
Langenselbold,63505,Hessen, Main-Kinzig-Kreis,
Lich,35423,Hessen, Gießen,
Rödental,96472,Freistaat Bayern, Coburg,
Erbach,64711,Hessen, Odenwaldkreis,
Haßfurt,97437,Freistaat Bayern, Haßberge,
Wiesmoor,26639,Niedersachsen, Aurich,
Sendenhorst,48324,Nordrhein-Westfalen, Warendorf,
Biedenkopf,35216,Hessen, Marburg-Biedenkopf,
Steinheim,32839,Nordrhein-Westfalen, Höxter,
Weißenhorn,89264,Freistaat Bayern, Neu-Ulm,
Eppstein,65817,Hessen, Main-Taunus-Kreis,
Schwabmünchen,86830,Freistaat Bayern, Augsburg,
Anklam,17389,Mecklenburg-Vorpommern, Ostvorpommern,
Löningen,49624,Niedersachsen, Cloppenburg,
Brunsbüttel,25541,Schleswig-Holstein, Dithmarschen,
Usingen,61250,Hessen, Hochtaunuskreis,
Erbach,89155,Baden-Württemberg, Alb-Donau-Kreis,
St. Georgen im Schwarzwald,78112,Baden-Württemberg, Schwarzwald-Baar-Kreis,
Hilpoltstein,91161,Freistaat Bayern, Roth,
Weilburg,35781,Hessen, Limburg-Weilburg,
Höchstadt a.d.Aisch,91315,Freistaat Bayern, Erlangen-Höchstadt,
Tauberbischofsheim,97941,Baden-Württemberg, Main-Tauber-Kreis,
Vöhringen,89269,Freistaat Bayern, Neu-Ulm,
Herbrechtingen,89542,Baden-Württemberg, Heidenheim,
Grünstadt,67269,Rheinland-Pfalz, Bad Dürkheim,
Asperg,71679,Baden-Württemberg, Ludwigsburg,
Pfullendorf,88630,Baden-Württemberg, Sigmaringen,
Bergen,29303,Niedersachsen, Celle,
Preußisch Oldendorf,32361,Nordrhein-Westfalen, Minden-Lübbecke,
Lorsch,64653,Hessen, Bergstraße,
Fehmarn,23769,Schleswig-Holstein, Ostholstein,
Pößneck,7381,Freistaat Thüringen, Saale-Orla-Kreis,
Bad Freienwalde,16259,Brandenburg, Märkisch-Oderland,
Bad Dürrheim,78073,Baden-Württemberg, Schwarzwald-Baar-Kreis,
Tornesch,25437,Schleswig-Holstein, Pinneberg,
Borken,34582,Hessen, Schwalm-Eder-Kreis,
Markdorf,88677,Baden-Württemberg, Bodenseekreis,
Gardelegen,39638,Sachsen-Anhalt, Altmarkkreis Salzwedel,
Haselünne,49740,Niedersachsen, Emsland,
Wehr,79664,Baden-Württemberg, Waldshut,
Plön,24306,Schleswig-Holstein, Plön,
Wolfhagen,34466,Hessen, Kassel,
Östringen,76684,Baden-Württemberg, Karlsruhe,
Eggenfelden,84307,Freistaat Bayern, Rottal-Inn,
Lichtenstein,9350,Freistaat Sachsen, Zwickau,
Quakenbrück,49610,Niedersachsen, Osnabrück,
Treuchtlingen,91757,Freistaat Bayern, Weißenburg-Gunzenhausen,
Bitburg,54634,Rheinland-Pfalz, Eifelkreis Bitburg-Prüm,
Grafing,85567,Freistaat Bayern, Ebersberg,
Neustadt a.d.Donau,93333,Freistaat Bayern, Kelheim,
Dinklage,49413,Niedersachsen, Vechta,
Holzgerlingen,71088,Baden-Württemberg, Böblingen,
Jüterbog,14913,Brandenburg, Teltow-Fläming,
Pritzwalk,16928,Brandenburg, Prignitz,
Sulingen,27232,Niedersachsen, Diepholz,
Plattling,94447,Freistaat Bayern, Deggendorf,
Neutraubling,93073,Freistaat Bayern, Regensburg,
Hessisch Lichtenau,37235,Hessen, Werra-Meißner-Kreis,
Abensberg,93326,Freistaat Bayern, Kelheim,
Hungen,35410,Hessen, Gießen,
Altötting,84503,Freistaat Bayern, Altötting,
Landau a.d.Isar,94405,Freistaat Bayern, Dingolfing-Landau,
Monschau,52156,Nordrhein-Westfalen, Leverkusen,
Krumbach,86381,Freistaat Bayern, Günzburg,
Möckern,39291,Sachsen-Anhalt, Jerichower Land,
Burladingen,72393,Baden-Württemberg, Zollernalbkreis,
Coswig,6869,Sachsen-Anhalt, Wittenberg,
Perleberg,19348,Brandenburg, Prignitz,
Montabaur,56410,Rheinland-Pfalz, Westerwaldkreis,
Twistringen,27239,Niedersachsen, Diepholz,
Gaildorf,74405,Baden-Württemberg, Schwäbisch Hall,
Langelsheim,38685,Niedersachsen, Goslar,
Bad Urach,72574,Baden-Württemberg, Reutlingen,
Philippsburg,76661,Baden-Württemberg, Karlsruhe,
Wächtersbach,63607,Hessen, Main-Kinzig-Kreis,
Burglengenfeld,93133,Freistaat Bayern, Schwandorf,
Ludwigslust,19288,Mecklenburg-Vorpommern, Ludwigslust,
Hersbruck,91217,Freistaat Bayern, Nürnberger Land,
Spaichingen,78549,Baden-Württemberg, Tuttlingen,
Wernau,73249,Baden-Württemberg, Esslingen,
Bad Wünnenberg,33181,Nordrhein-Westfalen, Paderborn,
Schöningen,38364,Niedersachsen, Helmstedt,
Sulz am Neckar,72172,Baden-Württemberg, Rottweil,
Bopfingen,73441,Baden-Württemberg, Ostalbkreis,
Olfen,59399,Nordrhein-Westfalen, Coesfeld,
Bischofswerda,1877,Freistaat Sachsen, Bautzen,
Gladenbach,35075,Hessen, Marburg-Biedenkopf,
Hemsbach,69502,Baden-Württemberg, Rhein-Neckar-Kreis,
Wasserburg a.Inn,83512,Freistaat Bayern, Rosenheim,
Neustadt a.d.Aisch,91413,Freistaat Bayern, Neustadt a.d.Aisch-Bad Windsh.,
Ettenheim,77955,Baden-Württemberg, Ortenaukreis,
Hadamar,65589,Hessen, Limburg-Weilburg,
Feuchtwangen,91555,Freistaat Bayern, Ansbach,
Linden,35440,Hessen, Gießen,
Drolshagen,57489,Nordrhein-Westfalen, Olpe,
Wolmirstedt,39326,Sachsen-Anhalt, Börde,
Neuenrade,58809,Nordrhein-Westfalen, Märkischer Kreis,
Rosbach,61191,Hessen, Wetteraukreis,
Buchloe,86807,Freistaat Bayern, Ostallgäu,
Demmin,17109,Mecklenburg-Vorpommern, Demmin,
Oelsnitz,9376,Freistaat Sachsen, Erzgebirgskreis,
Braunsbedra,6242,Sachsen-Anhalt, Saalekreis,
Schmölln,4626,Freistaat Thüringen, Altenburger Land,
Hauzenberg,94051,Freistaat Bayern, Passau,
Schongau,86956,Freistaat Bayern, Weilheim-Schongau,
Steinheim an der Murr,71711,Baden-Württemberg, Ludwigsburg,
Hildburghausen,98646,Freistaat Thüringen, Hildburghausen,
Querfurt,6268,Sachsen-Anhalt, Saalekreis,
Balve,58802,Nordrhein-Westfalen, Märkischer Kreis,
Beelitz,14547,Brandenburg, Potsdam-Mittelmark,
Wolgast,17438,Mecklenburg-Vorpommern, Ostvorpommern,
Neuenburg am Rhein,79395,Baden-Württemberg, Breisgau-Hochschwarzwald,
Blaubeuren,89143,Baden-Württemberg, Alb-Donau-Kreis,
Stollberg,9366,Freistaat Sachsen, Erzgebirgskreis,
Röthenbach a.d.Pegnitz,90552,Freistaat Bayern, Nürnberger Land,
Hagenow,19230,Mecklenburg-Vorpommern, Ludwigslust,
Wittingen,29378,Niedersachsen, Gifhorn,
Pfarrkirchen,84347,Freistaat Bayern, Rottal-Inn,
Bad Windsheim,91438,Freistaat Bayern, Neustadt a.d.Aisch-Bad Windsh.,
Velten,16727,Brandenburg, Oberhavel,
Regen,94209,Freistaat Bayern, Regen,
Oestrich-Winkel,65375,Hessen, Rheingau-Taunus-Kreis,
Titisee-Neustadt,79822,Baden-Württemberg, Breisgau-Hochschwarzwald,
Zella-Mehlis,98544,Freistaat Thüringen, Schmalkalden-Meiningen,
Walldürn,74731,Baden-Württemberg, Neckar-Odenwald-Kreis,
Osterhofen,94486,Freistaat Bayern, Deggendorf,
Besigheim,74354,Baden-Württemberg, Ludwigsburg,
Erkner,15537,Brandenburg, Oder-Spree,
Burgstädt,9217,Freistaat Sachsen, Mittelsachsen,
Trostberg,83308,Freistaat Bayern, Traunstein,
Geisenheim,65366,Hessen, Rheingau-Taunus-Kreis,
Hammelburg,97762,Freistaat Bayern, Bad Kissingen,
Schüttorf,48465,Niedersachsen, Grafschaft Bentheim,
Weinsberg,74189,Baden-Württemberg, Heilbronn,
Billerbeck,48727,Nordrhein-Westfalen, Coesfeld,
Glückstadt,25348,Schleswig-Holstein, Steinburg,
Oelsnitz,8606,Freistaat Sachsen, Vogtlandkreis,
Ladenburg,68526,Baden-Württemberg, Rhein-Neckar-Kreis,
Bad Iburg,49186,Niedersachsen, Osnabrück,
Vilsbiburg,84137,Freistaat Bayern, Landshut,
Bad Fallingbostel,29683,Niedersachsen, Soltau-Fallingbostel,
Roding,93426,Freistaat Bayern, Cham,
Werther,33824,Nordrhein-Westfalen, Gütersloh,
Dinkelsbühl,91550,Freistaat Bayern, Ansbach,
Meuselwitz,4610,Freistaat Thüringen, Altenburger Land,
Pasewalk,17309,Mecklenburg-Vorpommern, Uecker-Randow,
Ebersberg,85560,Freistaat Bayern, Ebersberg,
Lauenburg/ Elbe,21481,Schleswig-Holstein, Herzogtum Lauenburg,
Bad Doberan,18209,Mecklenburg-Vorpommern, Bad Doberan,
Zwönitz,8297,Freistaat Sachsen, Erzgebirgskreis,
Rheinau,77866,Baden-Württemberg, Ortenaukreis,
Bad Lauterberg im Harz,37431,Niedersachsen, Osterode am Harz,
Gommern,39245,Sachsen-Anhalt, Jerichower Land,
Ochsenfurt,97199,Freistaat Bayern, Würzburg,
Isselburg,46419,Nordrhein-Westfalen, Borken,
Belzig,14806,Brandenburg, Potsdam-Mittelmark,
Lindenberg,88161,Freistaat Bayern, Lindau,
Osterburg,39606,Sachsen-Anhalt, Stendal,
Miesbach,83714,Freistaat Bayern, Miesbach,
Gengenbach,77723,Baden-Württemberg, Ortenaukreis,
Wilkau-Haßlau,8112,Freistaat Sachsen, Zwickau,
Lorch,73547,Baden-Württemberg, Ostalbkreis,
Eisenberg,7607,Freistaat Thüringen, Saale-Holzland-Kreis,
Welzheim,73642,Baden-Württemberg, Rems-Murr-Kreis,
Rothenburg ob der Tauber,91541,Freistaat Bayern, Ansbach,
Schwaigern,74193,Baden-Württemberg, Heilbronn,
Frohburg,4654,Freistaat Sachsen, Leipzig,
Lichtenau,33165,Nordrhein-Westfalen, Paderborn,
Altensteig,72213,Baden-Württemberg, Calw,
Bad Dürrenberg,6231,Sachsen-Anhalt, Saalekreis,
Braunfels,35619,Hessen, Lahn-Dill-Kreis,
Schotten,63679,Hessen, Vogelsbergkreis,
Münchberg,95213,Freistaat Bayern, Hof,
Laichingen,89150,Baden-Württemberg, Alb-Donau-Kreis,
Steinau an der Straße,36396,Hessen, Main-Kinzig-Kreis,
Friedrichsthal,66299,Saarland, Regionalverband Saarbrücken,
Marktheidenfeld,97828,Freistaat Bayern, Main-Spessart,
Lauffen am Neckar,74348,Baden-Württemberg, Heilbronn,
Donzdorf,73072,Baden-Württemberg, Göppingen,
Mülheim-Kärlich,56218,Rheinland-Pfalz, Mayen-Koblenz,
Grevesmühlen,23936,Mecklenburg-Vorpommern, Nordwestmecklenburg,
Vienenburg,38690,Niedersachsen, Goslar,
Bad Schwalbach,65307,Hessen, Rheingau-Taunus-Kreis,
Haigerloch,72401,Baden-Württemberg, Zollernalbkreis,
Waltershausen,99880,Freistaat Thüringen, Gotha,
Lauingen,89415,Freistaat Bayern, Dillingen a.d.Donau,
Gemünden,97737,Freistaat Bayern, Main-Spessart,
Nideggen,52385,Nordrhein-Westfalen, Düren,
Brand-Erbisdorf,9618,Freistaat Sachsen, Mittelsachsen,
Diez,65582,Rheinland-Pfalz, Rhein-Lahn-Kreis,
Bockenem,31167,Niedersachsen, Hildesheim,
Rüthen,59602,Nordrhein-Westfalen, Soest,
Felsberg,34587,Hessen, Schwalm-Eder-Kreis,
Boizenburg/ Elbe,19258,Mecklenburg-Vorpommern, Ludwigslust,
Bad Wildbad,75323,Baden-Württemberg, Calw,
Grimmen,18507,Mecklenburg-Vorpommern, Nordvorpommern,
Meßstetten,72469,Baden-Württemberg, Zollernalbkreis,
Bad Staffelstein,96231,Freistaat Bayern, Lichtenfels,
Lügde,32676,Nordrhein-Westfalen, Lippe,
Sassnitz,18546,Mecklenburg-Vorpommern, Rügen,
Zschopau,9405,Freistaat Sachsen, Erzgebirgskreis,
Bad Gandersheim,37581,Niedersachsen, Northeim,
Maxhütte-Haidhof,93142,Freistaat Bayern, Schwandorf,
Bad Nenndorf,31542,Niedersachsen, Schaumburg,
Rehburg-Loccum,31547,Niedersachsen, Nienburg,
Waldkirchen,94065,Freistaat Bayern, Freyung-Grafenau,
Großräschen,1983,Brandenburg, Oberspreewald-Lausitz,
Langenzenn,90579,Freistaat Bayern, Fürth,
Dassel,37586,Niedersachsen, Northeim,
Dippoldiswalde,1744,Freistaat Sachsen, Sächs. Schweiz-Osterzgebirge,
Visselhövede,27374,Niedersachsen, Rotenburg,
Riedlingen,88499,Baden-Württemberg, Biberach,
Luckau,15926,Brandenburg, Dahme-Spreewald,
Rutesheim,71277,Baden-Württemberg, Böblingen,
Blumberg,78176,Baden-Württemberg, Schwarzwald-Baar-Kreis,
Engen,78234,Baden-Württemberg, Konstanz,
Niesky,2906,Freistaat Sachsen, Görlitz,
Calbe,39240,Sachsen-Anhalt, Salzlandkreis,
Büdelsdorf,24782,Schleswig-Holstein, Rendsburg-Eckernförde,
Betzdorf,57518,Rheinland-Pfalz, Altenkirchen,
Bogen,94327,Freistaat Bayern, Straubing-Bogen,
Herzberg,4916,Brandenburg, Elbe-Elster,
Ueckermünde,17373,Mecklenburg-Vorpommern, Uecker-Randow,
Olbernhau,9526,Freistaat Sachsen, Erzgebirgskreis,
Heubach,73540,Baden-Württemberg, Ostalbkreis,
Bad Liebenwerda,4924,Brandenburg, Elbe-Elster,
Laubach,35321,Hessen, Gießen,
Steinbach,61449,Hessen, Hochtaunuskreis,
Flöha,9557,Freistaat Sachsen, Mittelsachsen,
Mengen,88512,Baden-Württemberg, Sigmaringen,
Geisenfeld,85290,Freistaat Bayern, Pfaffenhofen,
Wildberg,72218,Baden-Württemberg, Calw,
Herbolzheim,79336,Baden-Württemberg, Emmendingen,
Süßen,73079,Baden-Württemberg, Göppingen,
Zörbig,6780,Sachsen-Anhalt, Anhalt-Bitterfeld,
Mansfeld,6343,Sachsen-Anhalt, Mansfeld-Südharz,
Erlenbach,63906,Freistaat Bayern, Miltenberg,
Lollar,35457,Hessen, Gießen,
Aulendorf,88326,Baden-Württemberg, Ravensburg,
Schlitz,36110,Hessen, Vogelsbergkreis,
Zwiesel,94227,Freistaat Bayern, Regen,
Fürstenau,49584,Niedersachsen, Osnabrück,
Penig,9322,Freistaat Sachsen, Mittelsachsen,
Simbach a.Inn,84359,Freistaat Bayern, Rottal-Inn,
Ilsenburg,38871,Sachsen-Anhalt, Harz,
Bad Orb,63619,Hessen, Main-Kinzig-Kreis,
Aichtal,72631,Baden-Württemberg, Esslingen,
Barmstedt,25355,Schleswig-Holstein, Pinneberg,
Neuenhaus,49828,Niedersachsen, Grafschaft Bentheim,
Oldenburg in Holstein,23758,Schleswig-Holstein, Ostholstein,
Kyritz,16866,Brandenburg, Ostprignitz-Ruppin,
Kappeln,24376,Schleswig-Holstein, Schleswig-Flensburg,
Gernsheim, Schöfferstadt,64579,Hessen, Groß-Gerau
Bleckede,21354,Niedersachsen, Lüneburg,
Rüdesheim am Rhein,65385,Hessen, Rheingau-Taunus-Kreis,
Lößnitz,8294,Freistaat Sachsen, Erzgebirgskreis,
Neuenstadt am Kocher,74196,Baden-Württemberg, Heilbronn,
Brandis,4821,Freistaat Sachsen, Leipzig,
Wunsiedel,95632,Freistaat Bayern, Wunsiedel,
Lüchow,29439,Niedersachsen, Lüchow-Dannenberg,
Runkel,65594,Hessen, Limburg-Weilburg,
Weilheim an der Teck,73235,Baden-Württemberg, Esslingen,
Rehau,95111,Freistaat Bayern, Hof,
Lauta,2991,Freistaat Sachsen, Bautzen,
Eisenberg,67304,Rheinland-Pfalz, Donnersbergkreis,
Torgelow,17358,Mecklenburg-Vorpommern, Uecker-Randow,
Obernkirchen,31683,Niedersachsen, Schaumburg,
Bad Liebenzell,75378,Baden-Württemberg, Calw,
Bad König,64732,Hessen, Odenwaldkreis,
Miltenberg,63897,Freistaat Bayern, Miltenberg,
Breckerfeld,58339,Nordrhein-Westfalen, Ennepe-Ruhr-Kreis,
Tangermünde,39590,Sachsen-Anhalt, Stendal,
Trebbin,14959,Brandenburg, Teltow-Fläming,
Dissen am Teutoburger Wald,49201,Niedersachsen, Osnabrück,
Höhr-Grenzhausen,56203,Rheinland-Pfalz, Westerwaldkreis,
Furtwangen im Schwarzwald,78120,Baden-Württemberg, Schwarzwald-Baar-Kreis,
Niddatal,61194,Hessen, Wetteraukreis,
Burgau,89331,Freistaat Bayern, Günzburg,
Niebüll,25899,Schleswig-Holstein, Nordfriesland,
Tecklenburg,49545,Nordrhein-Westfalen, Steinfurt,
Doberlug-Kirchhain,3253,Brandenburg, Elbe-Elster,
Wahlstedt,23812,Schleswig-Holstein, Segeberg,
Heiligenhafen,23774,Schleswig-Holstein, Ostholstein,
Kenzingen,79341,Baden-Württemberg, Emmendingen,
Wetter,35083,Hessen, Marburg-Biedenkopf,
Borgentreich,34434,Nordrhein-Westfalen, Höxter,
Bad Ems,56130,Rheinland-Pfalz, Rhein-Lahn-Kreis,
Volkach,97332,Freistaat Bayern, Kitzingen,
Bad Schmiedeberg,6905,Sachsen-Anhalt, Wittenberg,
Elsfleth,26931,Niedersachsen, Wesermarsch,
Tirschenreuth,95643,Freistaat Bayern, Tirschenreuth,
Töging a.Inn,84513,Freistaat Bayern, Altötting,
Storkow,15859,Brandenburg, Oder-Spree,
Ortenberg,63683,Hessen, Wetteraukreis,
Premnitz,14727,Brandenburg, Havelland,
Endingen am Kaiserstuhl,79346,Baden-Württemberg, Emmendingen,
Elze,31008,Niedersachsen, Hildesheim,
Gudensberg,34281,Hessen, Schwalm-Eder-Kreis,
Heilsbronn,91560,Freistaat Bayern, Ansbach,
Furth im Wald,93437,Freistaat Bayern, Cham,
Barntrup,32683,Nordrhein-Westfalen, Lippe,
Teterow,17166,Mecklenburg-Vorpommern, Güstrow,
Bad Frankenhausen/Kyffhäuser,6567,Freistaat Thüringen, Kyffhäuserkreis,
Hohenmölsen,6679,Sachsen-Anhalt, Burgenlandkreis,
Helmbrechts,95233,Freistaat Bayern, Hof,
Hainichen,9661,Freistaat Sachsen, Mittelsachsen,
Nieder-Olm,55268,Rheinland-Pfalz, Mainz-Bingen,
Kirchberg,8107,Freistaat Sachsen, Zwickau,
Mücheln,6249,Sachsen-Anhalt, Saalekreis,
Schieder-Schwalenberg,32816,Nordrhein-Westfalen, Lippe,
Auerbach,91275,Freistaat Bayern, Amberg-Sulzbach,
Vetschau,3226,Brandenburg, Oberspreewald-Lausitz,
Wertingen,86637,Freistaat Bayern, Dillingen a.d.Donau,
Neustadt,35279,Hessen, Marburg-Biedenkopf,
Bad Breisig,53498,Rheinland-Pfalz, Ahrweiler,
Ochsenhausen,88416,Baden-Württemberg, Biberach,
Falkenstein,8223,Freistaat Sachsen, Vogtlandkreis,
Elsterwerda,4910,Brandenburg, Elbe-Elster,
Kirchen,57548,Rheinland-Pfalz, Altenkirchen,
Zwenkau,4442,Freistaat Sachsen, Leipzig,
Barth,18356,Mecklenburg-Vorpommern, Nordvorpommern,
Altlandsberg,15345,Brandenburg, Märkisch-Oderland,
Schleiz,7907,Freistaat Thüringen, Saale-Orla-Kreis,
Mittenwalde,15749,Brandenburg, Dahme-Spreewald,
Hemmoor,21745,Niedersachsen, Cuxhaven,
Borgholzhausen,33829,Nordrhein-Westfalen, Gütersloh,
Beilngries,92339,Freistaat Bayern, Eichstätt,
Calau,3205,Brandenburg, Oberspreewald-Lausitz,
Mendig,56743,Rheinland-Pfalz, Mayen-Koblenz,
Laufenburg,79725,Baden-Württemberg, Waldshut,
Florstadt,61197,Hessen, Wetteraukreis,
Bad Bevensen,29549,Niedersachsen, Uelzen,
Treuen,8233,Freistaat Sachsen, Vogtlandkreis,
Grafenau,94481,Freistaat Bayern, Freyung-Grafenau,
Landstuhl,66849,Rheinland-Pfalz, Kaiserslautern,
Obernburg,63785,Freistaat Bayern, Miltenberg,
Willebadessen,34439,Nordrhein-Westfalen, Höxter,
Berching,92334,Freistaat Bayern, Neumarkt,
Rheinsberg,16831,Brandenburg, Ostprignitz-Ruppin,
Sebnitz,1855,Freistaat Sachsen, Sächs. Schweiz-Osterzgebirge,
Naunhof,4683,Freistaat Sachsen, Leipzig,
Hallstadt,96103,Freistaat Bayern, Bamberg,
Bad Lausick,4651,Freistaat Sachsen, Leipzig,
Freystadt,92342,Freistaat Bayern, Neumarkt,
Hemau,93155,Freistaat Bayern, Regensburg,
Waldenbuch,71111,Baden-Württemberg, Böblingen,
Rain,86641,Freistaat Bayern, Donau-Ries,
Reinfeld,23858,Schleswig-Holstein, Stormarn,
Waldheim,4736,Freistaat Sachsen, Mittelsachsen,
Bad Sooden-Allendorf,37242,Hessen, Werra-Meißner-Kreis,
Bad Schussenried,88427,Baden-Württemberg, Biberach,
Hermsdorf,7629,Freistaat Thüringen, Saale-Holzland-Kreis,
Neustadt an der Orla,7806,Freistaat Thüringen, Saale-Orla-Kreis,
Bad Griesbach i.Rottal,94086,Freistaat Bayern, Passau,
Aken,6385,Sachsen-Anhalt, Anhalt-Bitterfeld,
Bad Lauchstädt,6246,Sachsen-Anhalt, Saalekreis,
Klingenthal,8248,Freistaat Sachsen, Vogtlandkreis,
Neuötting,84524,Freistaat Bayern, Altötting,
Ichenhausen,89335,Freistaat Bayern, Günzburg,
Kandel,76870,Rheinland-Pfalz, Germersheim,
Bad Düben,4849,Freistaat Sachsen, Nordsachsen,
Meßkirch,88605,Baden-Württemberg, Sigmaringen,
Nittenau,93149,Freistaat Bayern, Schwandorf,
Vallendar,56179,Rheinland-Pfalz, Mayen-Koblenz,
Kirn,55606,Rheinland-Pfalz, Bad Kreuznach,
Landsberg,6188,Sachsen-Anhalt, Saalekreis,
Viechtach,94234,Freistaat Bayern, Regen,
Osthofen,67574,Rheinland-Pfalz, Alzey-Worms,
Hardegsen,37181,Niedersachsen, Northeim,
Daun,54550,Rheinland-Pfalz, Vulkaneifel,
Beeskow,15848,Brandenburg, Oder-Spree,
Dannenberg,29451,Niedersachsen, Lüchow-Dannenberg,
Wissen,57537,Rheinland-Pfalz, Altenkirchen,
Großbottwar,71723,Baden-Württemberg, Ludwigsburg,
Arnstein,97450,Freistaat Bayern, Main-Spessart,
Harzgerode,6493,Sachsen-Anhalt, Harz,
Groitzsch,4539,Freistaat Sachsen, Leipzig,
Naila,95119,Freistaat Bayern, Hof,
Möckmühl,74219,Baden-Württemberg, Heilbronn,
Staufenberg,35460,Hessen, Gießen,
Kandern,79400,Baden-Württemberg, Lörrach,
Malchin,17139,Mecklenburg-Vorpommern, Demmin,
Ebersbach,2730,Freistaat Sachsen, Görlitz,
Neresheim,73450,Baden-Württemberg, Ostalbkreis,
Zell am Harmersbach,77736,Baden-Württemberg, Ortenaukreis,
Neunburg vorm Wald,92431,Freistaat Bayern, Schwandorf,
Dornstetten,72280,Baden-Württemberg, Freudenstadt,
Sontra,36205,Hessen, Werra-Meißner-Kreis,
Bersenbrück,49593,Niedersachsen, Osnabrück,
Medebach,59964,Nordrhein-Westfalen, Hochsauerlandkreis,
Werneuchen,16356,Brandenburg, Barnim,
Hartha,4746,Freistaat Sachsen, Mittelsachsen,
Treuenbrietzen,14929,Brandenburg, Potsdam-Mittelmark,
Rauenberg,69231,Baden-Württemberg, Rhein-Neckar-Kreis,
Oberkochen,73447,Baden-Württemberg, Ostalbkreis,
Kellinghusen,25548,Schleswig-Holstein, Steinburg,
Münnerstadt,97702,Freistaat Bayern, Bad Kissingen,
Weida,7570,Freistaat Thüringen, Greiz,
Könnern,6420,Sachsen-Anhalt, Salzlandkreis,
Kirchheimbolanden,67292,Rheinland-Pfalz, Donnersbergkreis,
Bad Sachsa,37441,Niedersachsen, Osterode am Harz,
Löffingen,79843,Baden-Württemberg, Breisgau-Hochschwarzwald,
Pulsnitz,1896,Freistaat Sachsen, Bautzen,
Kuppenheim,76456,Baden-Württemberg, Rastatt,
Weißenthurm,56575,Rheinland-Pfalz, Mayen-Koblenz,
Bützow,18246,Mecklenburg-Vorpommern, Güstrow,
Gundelfingen a.d.Donau,89423,Freistaat Bayern, Dillingen a.d.Donau,
Wriezen,16269,Brandenburg, Märkisch-Oderland,
Simmern,55469,Rheinland-Pfalz, Rhein-Hunsrück-Kreis,
Hüfingen,78183,Baden-Württemberg, Schwarzwald-Baar-Kreis,
Lengenfeld,8485,Freistaat Sachsen, Vogtlandkreis,
Radeburg,1471,Freistaat Sachsen, Meißen,
Vohenstrauß,92648,Freistaat Bayern, Neustadt a.d.Waldnaab,
Homberg,35315,Hessen, Vogelsbergkreis,
Bad Bergzabern,76887,Rheinland-Pfalz, Südliche Weinstraße,
Wörrstadt,55286,Rheinland-Pfalz, Alzey-Worms,
Oederan,9569,Freistaat Sachsen, Mittelsachsen,
Staufen im Breisgau,79219,Baden-Württemberg, Breisgau-Hochschwarzwald,
Herrieden,91567,Freistaat Bayern, Ansbach,
Rottenburg a.d.Laaber,84056,Freistaat Bayern, Landshut,
Knittlingen,75438,Baden-Württemberg, Enzkreis,
Neuenbürg,75305,Baden-Württemberg, Enzkreis,
Bönnigheim,74357,Baden-Württemberg, Ludwigsburg,
Gedern,63688,Hessen, Wetteraukreis,
Heringen,36266,Hessen, Hersfeld-Rotenburg,
Bad Berka,99438,Freistaat Thüringen, Weimarer Land,
Hecklingen,39444,Sachsen-Anhalt, Salzlandkreis,
Gräfenhainichen,6773,Sachsen-Anhalt, Wittenberg,
Weikersheim,97990,Baden-Württemberg, Main-Tauber-Kreis,
Ramstein-Miesenbach,66877,Rheinland-Pfalz, Kaiserslautern,
Ballenstedt,6493,Sachsen-Anhalt, Harz,
Gerolstein,54568,Rheinland-Pfalz, Vulkaneifel,
Friedrichroda,99894,Freistaat Thüringen, Gotha,
Meldorf,25704,Schleswig-Holstein, Dithmarschen,
Ransbach-Baumbach,56235,Rheinland-Pfalz, Westerwaldkreis,
Bad Herrenalb,76332,Baden-Württemberg, Calw,
Teublitz,93158,Freistaat Bayern, Schwandorf,
Schwarzenbach a.d.Saale,95126,Freistaat Bayern, Hof,
Bad Kötzting,93444,Freistaat Bayern, Cham,
Ebern,96106,Freistaat Bayern, Haßberge,
Renchen,77871,Baden-Württemberg, Ortenaukreis,
Neukirchen,34626,Hessen, Schwalm-Eder-Kreis,
Rodalben,66976,Rheinland-Pfalz, Südwestpfalz,
Breuberg,64747,Hessen, Odenwaldkreis,
Baiersdorf,91083,Freistaat Bayern, Erlangen-Höchstadt,
Kahla,7768,Freistaat Thüringen, Saale-Holzland-Kreis,
Falkenberg,4895,Brandenburg, Elbe-Elster,
Gröditz,1609,Freistaat Sachsen, Meißen,
Waldeck,34513,Hessen, Waldeck-Frankenberg,
Gundelsheim,74831,Baden-Württemberg, Heilbronn,
Glashütte,1768,Freistaat Sachsen, Sächs. Schweiz-Osterzgebirge,
Moringen,37186,Niedersachsen, Northeim,
Lugau,9385,Freistaat Sachsen, Erzgebirgskreis,
Nossen,1683,Freistaat Sachsen, Meißen,
Müncheberg,15374,Brandenburg, Märkisch-Oderland,
Bad Blankenburg,7422,Freistaat Thüringen, Saalfeld-Rudolstadt,
Schelklingen,89601,Baden-Württemberg, Alb-Donau-Kreis,
Vohburg a.d.Donau,85088,Freistaat Bayern, Pfaffenhofen,
Kühlungsborn,18225,Mecklenburg-Vorpommern, Bad Doberan,
Kremmen,16766,Brandenburg, Oberhavel,
Havelberg,39539,Sachsen-Anhalt, Stendal,
Otterndorf,21762,Niedersachsen, Cuxhaven,
Oppenheim,55276,Rheinland-Pfalz, Mainz-Bingen,
Waldsassen,95652,Freistaat Bayern, Tirschenreuth,
Scheßlitz,96110,Freistaat Bayern, Bamberg,
Oebisfelde,39646,Sachsen-Anhalt, Börde,
Rodewisch,8228,Freistaat Sachsen, Vogtlandkreis,
Greding,91171,Freistaat Bayern, Roth,
Boxberg,97944,Baden-Württemberg, Main-Tauber-Kreis,
Immenhausen,34376,Hessen, Kassel,
Roßwein,4741,Freistaat Sachsen, Mittelsachsen,
Waldmünchen,93449,Freistaat Bayern, Cham,
Elzach,79215,Baden-Württemberg, Emmendingen,
Freyung,94078,Freistaat Bayern, Freyung-Grafenau,
Haslach im Kinzigtal,77716,Baden-Württemberg, Ortenaukreis,
Thalheim,9380,Freistaat Sachsen, Erzgebirgskreis,
Dettelbach,97337,Freistaat Bayern, Kitzingen,
Herdorf,57562,Rheinland-Pfalz, Altenkirchen,
Esens,26427,Niedersachsen, Wittmund,
Bad Königshofen i.Grabfeld,97631,Freistaat Bayern, Rhön-Grabfeld,
Großalmerode,37247,Hessen, Werra-Meißner-Kreis,
Großröhrsdorf,1900,Freistaat Sachsen, Bautzen,
Böhlen,4564,Freistaat Sachsen, Leipzig,
Bonndorf im Schwarzwald,79848,Baden-Württemberg, Waldshut,
Mitterteich,95666,Freistaat Bayern, Tirschenreuth,
Malchow,17213,Mecklenburg-Vorpommern, Müritz,
Annweiler am Trifels,76855,Rheinland-Pfalz, Südliche Weinstraße,
Volkmarsen,34471,Hessen, Waldeck-Frankenberg,
Bad Brückenau,97769,Freistaat Bayern, Bad Kissingen,
Bad Wimpfen,74206,Baden-Württemberg, Heilbronn,
Ebermannstadt,91320,Freistaat Bayern, Forchheim,
Seeland,6469,Sachsen-Anhalt, Salzlandkreis,
Birkenfeld,55765,Rheinland-Pfalz, Birkenfeld,
Geiselhöring,94333,Freistaat Bayern, Straubing-Bogen,
Reichelsheim,61203,Hessen, Wetteraukreis,
Bleicherode,99752,Freistaat Thüringen, Nordhausen,
Zwingenberg,64673,Hessen, Bergstraße,
Zierenberg,34289,Hessen, Kassel,
Grafenwöhr,92655,Freistaat Bayern, Neustadt a.d.Waldnaab,
Burgkunstadt,96224,Freistaat Bayern, Lichtenfels,
Leipheim,89340,Freistaat Bayern, Günzburg,
Neustadt-Glewe,19306,Mecklenburg-Vorpommern, Ludwigslust,
Schweich,54338,Rheinland-Pfalz, Trier-Saarburg,
Markneukirchen,8258,Freistaat Sachsen, Vogtlandkreis,
Höchstädt a.d.Donau,89420,Freistaat Bayern, Dillingen a.d.Donau,
Maulbronn,75433,Baden-Württemberg, Enzkreis,
Blankenhain,99444,Freistaat Thüringen, Weimarer Land,
Nieheim,33039,Nordrhein-Westfalen, Höxter,
Beerfelden,64743,Hessen, Odenwaldkreis,
Alpirsbach,72275,Baden-Württemberg, Freudenstadt,
Edenkoben,67480,Rheinland-Pfalz, Südliche Weinstraße,
Laufen,83410,Freistaat Bayern, Berchtesgadener Land,
Parsberg,92331,Freistaat Bayern, Neumarkt,
Friedland,17098,Mecklenburg-Vorpommern, Mecklenburg-Strelitz,
Dietenheim,89165,Baden-Württemberg, Alb-Donau-Kreis,
Gerolzhofen,97447,Freistaat Bayern, Schweinfurt,
Bernkastel-Kues,54470,Rheinland-Pfalz, Bernkastel-Wittlich,
Gau-Algesheim,55435,Rheinland-Pfalz, Mainz-Bingen,
Leisnig,4703,Freistaat Sachsen, Mittelsachsen,
Horstmar,48612,Nordrhein-Westfalen, Steinfurt,
Gammertingen,72501,Baden-Württemberg, Sigmaringen,
Polch,56751,Rheinland-Pfalz, Mayen-Koblenz,
Trochtelfingen,72818,Baden-Württemberg, Reutlingen,
Osterburken,74706,Baden-Württemberg, Neckar-Odenwald-Kreis,
Rosenfeld,72348,Baden-Württemberg, Zollernalbkreis,
Bad Sobernheim,55566,Rheinland-Pfalz, Bad Kreuznach,
Bad Lobenstein,7356,Freistaat Thüringen, Saale-Orla-Kreis,
Vilseck,92249,Freistaat Bayern, Amberg-Sulzbach,
Oberlungwitz,9353,Freistaat Sachsen, Zwickau,
Ketzin,14669,Brandenburg, Havelland,
Saarburg,54439,Rheinland-Pfalz, Trier-Saarburg,
Rochlitz,9306,Freistaat Sachsen, Mittelsachsen,
Fürstenberg,16798,Brandenburg, Oberhavel,
Grünhain-Beierfeld,8344,Freistaat Sachsen, Erzgebirgskreis,
Bad Rodach,96476,Freistaat Bayern, Coburg,
Lübz,19386,Mecklenburg-Vorpommern, Parchim,
Neuenstein,74632,Baden-Württemberg, Hohenlohekreis,
Nortorf,24589,Schleswig-Holstein, Rendsburg-Eckernförde,
Spangenberg,34286,Hessen, Schwalm-Eder-Kreis,
Dohna,1809,Freistaat Sachsen, Sächs. Schweiz-Osterzgebirge,
Ilshofen,74532,Baden-Württemberg, Schwäbisch Hall,
Schwarzheide,1987,Brandenburg, Oberspreewald-Lausitz,
Ruhla,99842,Freistaat Thüringen, Wartburgkreis,
Neuffen,72639,Baden-Württemberg, Esslingen,
Eibenstock,8309,Freistaat Sachsen, Erzgebirgskreis,
Dornhan,72175,Baden-Württemberg, Rottweil,
Klingenberg,63911,Freistaat Bayern, Miltenberg,
Uffenheim,97215,Freistaat Bayern, Neustadt a.d.Aisch-Bad Windsh.,
Rodenberg,31552,Niedersachsen, Schaumburg,
Beilstein,71717,Baden-Württemberg, Heilbronn,
Güglingen,74363,Baden-Württemberg, Heilbronn,
Stadtroda,7646,Freistaat Thüringen, Saale-Holzland-Kreis,
Nabburg,92507,Freistaat Bayern, Schwandorf,
Bräunlingen,78199,Baden-Württemberg, Schwarzwald-Baar-Kreis,
Heitersheim,79423,Baden-Württemberg, Breisgau-Hochschwarzwald,
Bernsdorf,2994,Freistaat Sachsen, Bautzen,
Neumarkt-Sankt Veit,84494,Freistaat Bayern, Mühldorf a.Inn,
Geisingen,78187,Baden-Württemberg, Tuttlingen,
Dietfurt a.d.Altmühl,92345,Freistaat Bayern, Neumarkt,
Gransee,16775,Brandenburg, Oberhavel,
Altenkirchen,57610,Rheinland-Pfalz, Altenkirchen,
Tittmoning,84529,Freistaat Bayern, Traunstein,
Windsbach,91575,Freistaat Bayern, Ansbach,
Geislingen,72351,Baden-Württemberg, Zollernalbkreis,
Hirschau,92242,Freistaat Bayern, Amberg-Sulzbach,
Wittichenau,2997,Freistaat Sachsen, Bautzen,
Grebenstein,34393,Hessen, Kassel,
Zell im Wiesental,79669,Baden-Württemberg, Lörrach,
Drebkau,3116,Brandenburg, Spree-Neiße,
Großschirma,9603,Freistaat Sachsen, Mittelsachsen,
Wassertrüdingen,91717,Freistaat Bayern, Ansbach,
Thannhausen,86470,Freistaat Bayern, Günzburg,
Neugersdorf,2727,Freistaat Sachsen, Görlitz,
Gersfeld,36129,Hessen, Fulda,
Stavenhagen, Reuterstadt,17153,Mecklenburg-Vorpommern, Demmin
Glücksburg,24960,Schleswig-Holstein, Schleswig-Flensburg,
Traben-Trarbach,56841,Rheinland-Pfalz, Bernkastel-Wittlich,
Altentreptow,17087,Mecklenburg-Vorpommern, Demmin,
Uebigau-Wahrenbrück,4938,Brandenburg, Elbe-Elster,
Schrozberg,74575,Baden-Württemberg, Schwäbisch Hall,
Neustadt a.d.Waldnaab,92660,Freistaat Bayern, Neustadt a.d.Waldnaab,
Bad Gottleuba-Berggießhübel,1816,Freistaat Sachsen, Sächs. Schweiz-Osterzgebirge,
Falkenstein/Harz,6463,Sachsen-Anhalt, Harz,
Mellrichstadt,97638,Freistaat Bayern, Rhön-Grabfeld,
Geithain,4643,Freistaat Sachsen, Leipzig,
Marne,25709,Schleswig-Holstein, Dithmarschen,
Stolpen,1833,Freistaat Sachsen, Sächs. Schweiz-Osterzgebirge,
Leun,35638,Hessen, Lahn-Dill-Kreis,
Grabow,19300,Mecklenburg-Vorpommern, Ludwigslust,
Dierdorf,56269,Rheinland-Pfalz, Neuwied,
Linz am Rhein,53545,Rheinland-Pfalz, Neuwied,
Wolfach,77709,Baden-Württemberg, Ortenaukreis,
Artern/Unstrut,6556,Freistaat Thüringen, Kyffhäuserkreis,
Norderney,26548,Niedersachsen, Aurich,
Hausach,77756,Baden-Württemberg, Ortenaukreis,
Ellrich,99755,Freistaat Thüringen, Nordhausen,
Ohrdruf,99885,Freistaat Thüringen, Gotha,
Bad Hönningen,53557,Rheinland-Pfalz, Neuwied,
Ingelfingen,74653,Baden-Württemberg, Hohenlohekreis,
Plau am See,19395,Mecklenburg-Vorpommern, Parchim,
Schlüsselfeld,96132,Freistaat Bayern, Bamberg,
Gadebusch,19205,Mecklenburg-Vorpommern, Nordwestmecklenburg,
Zeil,97475,Freistaat Bayern, Haßberge,
Waibstadt,74915,Baden-Württemberg, Rhein-Neckar-Kreis,
Hachenburg,57627,Rheinland-Pfalz, Westerwaldkreis,
Altenberg,1773,Freistaat Sachsen, Sächs. Schweiz-Osterzgebirge,
Wilthen,2681,Freistaat Sachsen, Bautzen,
Dornburg-Camburg,7774,Freistaat Thüringen, Saale-Holzland-Kreis,
Vogtsburg im Kaiserstuhl,79235,Baden-Württemberg, Breisgau-Hochschwarzwald,
Haiterbach,72221,Baden-Württemberg, Calw,
Treffurt,99830,Freistaat Thüringen, Wartburgkreis,
Bodenwerder,37619,Niedersachsen, Holzminden,
Arzberg,95659,Freistaat Bayern, Wunsiedel,
Hermeskeil,54411,Rheinland-Pfalz, Trier-Saarburg,
Laage,18299,Mecklenburg-Vorpommern, Güstrow,
Bad Marienberg,56470,Rheinland-Pfalz, Westerwaldkreis,
Eisfeld,98673,Freistaat Thüringen, Hildburghausen,
Meersburg,88709,Baden-Württemberg, Bodenseekreis,
Roßleben,6571,Freistaat Thüringen, Kyffhäuserkreis,
Kitzscher,4567,Freistaat Sachsen, Leipzig,
Wemding,86650,Freistaat Bayern, Donau-Ries,
Riedenburg,93339,Freistaat Bayern, Kelheim,
Stadtoldendorf,37627,Niedersachsen, Holzminden,
Seelow,15306,Brandenburg, Märkisch-Oderland,
Münzenberg,35516,Hessen, Wetteraukreis,
Thum,9419,Freistaat Sachsen, Erzgebirgskreis,
Leutershausen,91578,Freistaat Bayern, Ansbach,
Biesenthal,16359,Brandenburg, Barnim,
Neubulach,75387,Baden-Württemberg, Calw,
Westerburg,56457,Rheinland-Pfalz, Westerwaldkreis,
Kölleda,99625,Freistaat Thüringen, Sömmerda,
Strasburg,17335,Mecklenburg-Vorpommern, Uecker-Randow,
Battenberg,35088,Hessen, Waldeck-Frankenberg,
Külsheim,97900,Baden-Württemberg, Main-Tauber-Kreis,
Harburg,86655,Freistaat Bayern, Donau-Ries,
Lommatzsch,1623,Freistaat Sachsen, Meißen,
Tharandt,1737,Freistaat Sachsen, Sächs. Schweiz-Osterzgebirge,
Abenberg,91183,Freistaat Bayern, Roth,
Neuhaus am Rennweg,98724,Freistaat Thüringen, Sonneberg,
Pfreimd,92536,Freistaat Bayern, Schwandorf,
Heimsheim,71296,Baden-Württemberg, Enzkreis,
Schöppenstedt,38170,Niedersachsen, Wolfenbüttel,
Schleusingen,98553,Freistaat Thüringen, Hildburghausen,
Tangerhütte,39517,Sachsen-Anhalt, Stendal,
Hagenbach,76767,Rheinland-Pfalz, Germersheim,
Rockenhausen,67806,Rheinland-Pfalz, Donnersbergkreis,
Steinbach-Hallenberg,98587,Freistaat Thüringen, Schmalkalden-Meiningen,
Dahme/Mark,15936,Brandenburg, Teltow-Fläming,
Adorf,8626,Freistaat Sachsen, Vogtlandkreis,
Lütjenburg,24321,Schleswig-Holstein, Plön,
Diemelstadt,34474,Hessen, Waldeck-Frankenberg,
Niedenstein,34305,Hessen, Schwalm-Eder-Kreis,
Erbendorf,92681,Freistaat Bayern, Tirschenreuth,
Pottenstein,91278,Freistaat Bayern, Bayreuth,
Marienmünster,37696,Nordrhein-Westfalen, Höxter,
Adelsheim,74740,Baden-Württemberg, Neckar-Odenwald-Kreis,
Rothenburg,2929,Freistaat Sachsen, Görlitz,
Trendelburg,34388,Hessen, Kassel,
Kemberg,6901,Sachsen-Anhalt, Wittenberg,
Prüm,54595,Rheinland-Pfalz, Eifelkreis Bitburg-Prüm,
Naumburg,34311,Hessen, Kassel,
Windischeschenbach,92670,Freistaat Bayern, Neustadt a.d.Waldnaab,
Gronau,31028,Niedersachsen, Hildesheim,
Kemnath,95478,Freistaat Bayern, Tirschenreuth,
Eggesin,17367,Mecklenburg-Vorpommern, Uecker-Randow,
Eltmann,97483,Freistaat Bayern, Haßberge,
Elbingerode,38875,Sachsen-Anhalt, Harz,
Röbel/Müritz,17207,Mecklenburg-Vorpommern, Müritz,
Niederstetten,97996,Baden-Württemberg, Main-Tauber-Kreis,
Velburg,92355,Freistaat Bayern, Neumarkt,
Ronneburg,7580,Freistaat Thüringen, Greiz,
Otterberg,67697,Rheinland-Pfalz, Kaiserslautern,
Amöneburg,35287,Hessen, Marburg-Biedenkopf,
Borkum,26757,Niedersachsen, Leer,
Königsee,7426,Freistaat Thüringen, Saalfeld-Rudolstadt,
Neudenau,74861,Baden-Württemberg, Heilbronn,
Wanzleben,39164,Sachsen-Anhalt, Börde,
Bad Kösen,6628,Sachsen-Anhalt, Burgenlandkreis,
Hollfeld,96142,Freistaat Bayern, Bayreuth,
Stühlingen,79780,Baden-Württemberg, Waldshut,
Freren,49832,Niedersachsen, Emsland,
Schwaan,18258,Mecklenburg-Vorpommern, Bad Doberan,
Kastellaun,56288,Rheinland-Pfalz, Rhein-Hunsrück-Kreis,
Ehrenfriedersdorf,9427,Freistaat Sachsen, Erzgebirgskreis,
Wirges,56422,Rheinland-Pfalz, Westerwaldkreis,
Lindenfels,64678,Hessen, Bergstraße,
Freyburg,6632,Sachsen-Anhalt, Burgenlandkreis,
Oettingen,86732,Freistaat Bayern, Donau-Ries,
Klötze,38486,Sachsen-Anhalt, Altmarkkreis Salzwedel,
Spalt,91174,Freistaat Bayern, Roth,
Burg Stargard,17094,Mecklenburg-Vorpommern, Mecklenburg-Strelitz,
Lichtenau,77839,Baden-Württemberg, Rastatt,
Hofheim,97461,Freistaat Bayern, Haßberge,
Forchtenberg,74670,Baden-Württemberg, Hohenlohekreis,
Freinsheim,67251,Rheinland-Pfalz, Bad Dürkheim,
Augustusburg,9573,Freistaat Sachsen, Mittelsachsen,
Unkel,53572,Rheinland-Pfalz, Neuwied,
Bredstedt,25821,Schleswig-Holstein, Nordfriesland,
Cochem,56812,Rheinland-Pfalz, Cochem-Zell,
Todtnau,79674,Baden-Württemberg, Lörrach,
Herbstein,36358,Hessen, Vogelsbergkreis,
Stadtilm,99326,Freistaat Thüringen, Ilm-Kreis,
Munderkingen,89597,Baden-Württemberg, Alb-Donau-Kreis,
Hitzacker,29456,Niedersachsen, Lüchow-Dannenberg,
Monheim,86653,Freistaat Bayern, Donau-Ries,
Triberg im Schwarzwald,78098,Baden-Württemberg, Schwarzwald-Baar-Kreis,
Wörth,63939,Freistaat Bayern, Miltenberg,
Hartenstein,8118,Freistaat Sachsen, Zwickau,
Tönning,25832,Schleswig-Holstein, Nordfriesland,
Kusel,66869,Rheinland-Pfalz, Kusel,
Oberviechtach,92526,Freistaat Bayern, Schwandorf,
Wittenburg,19243,Mecklenburg-Vorpommern, Ludwigslust,
Oppenau,77728,Baden-Württemberg, Ortenaukreis,
Colditz,4680,Freistaat Sachsen, Leipzig,
Lunzenau,9328,Freistaat Sachsen, Mittelsachsen,
Belgern,4874,Freistaat Sachsen, Nordsachsen,
Bischofsheim,97653,Freistaat Bayern, Rhön-Grabfeld,
Schwarzenbach,95131,Freistaat Bayern, Hof,
Kröpelin,18236,Mecklenburg-Vorpommern, Bad Doberan,
Marlow,18337,Mecklenburg-Vorpommern, Nordvorpommern,
Lauter,8312,Freistaat Sachsen, Erzgebirgskreis,
Braunlage,38700,Niedersachsen, Goslar,
Johanngeorgenstadt,8349,Freistaat Sachsen, Erzgebirgskreis,
Dahlen,4774,Freistaat Sachsen, Nordsachsen,
Weismain,96260,Freistaat Bayern, Lichtenfels,
Geisa,36419,Freistaat Thüringen, Wartburgkreis,
Krautheim,74238,Baden-Württemberg, Hohenlohekreis,
Elsterberg,7985,Freistaat Sachsen, Vogtlandkreis,
Heideck,91180,Freistaat Bayern, Roth,
Creglingen,97993,Baden-Württemberg, Main-Tauber-Kreis,
Nassau,56377,Rheinland-Pfalz, Rhein-Lahn-Kreis,
Niederstotzingen,89168,Baden-Württemberg, Heidenheim,
Geringswalde,9326,Freistaat Sachsen, Mittelsachsen,
Dargun,17159,Mecklenburg-Vorpommern, Demmin,
Dingelstädt,37351,Freistaat Thüringen, Eichsfeld,
Creußen,95473,Freistaat Bayern, Bayreuth,
Peitz,3185,Brandenburg, Spree-Neiße,
Scheinfeld,91443,Freistaat Bayern, Neustadt a.d.Aisch-Bad Windsh.,
Waldkappel,37284,Hessen, Werra-Meißner-Kreis,
Crivitz,19089,Mecklenburg-Vorpommern, Parchim,
Mahlberg,77972,Baden-Württemberg, Ortenaukreis,
Pegau,4523,Freistaat Sachsen, Leipzig,
Schömberg,72355,Baden-Württemberg, Zollernalbkreis,
Zarrentin am Schaalsee,19246,Mecklenburg-Vorpommern, Ludwigslust,
Gefrees,95482,Freistaat Bayern, Bayreuth,
Tengen,78250,Baden-Württemberg, Konstanz,
Wachenheim an der Weinstraße,67157,Rheinland-Pfalz, Bad Dürkheim,
Lauchheim,73466,Baden-Württemberg, Ostalbkreis,
Putbus,18581,Mecklenburg-Vorpommern, Rügen,
Bad Berneck,95460,Freistaat Bayern, Bayreuth,
Lübtheen,19249,Mecklenburg-Vorpommern, Ludwigslust,
Dahn,66994,Rheinland-Pfalz, Südwestpfalz,
Schönau,69250,Baden-Württemberg, Rhein-Neckar-Kreis,
Selbitz,95152,Freistaat Bayern, Hof,
Rabenau,1734,Freistaat Sachsen, Sächs. Schweiz-Osterzgebirge,
Groß-Bieberau,64401,Hessen, Darmstadt-Dieburg,
Lengefeld,9514,Freistaat Sachsen, Erzgebirgskreis,
Tann,36142,Hessen, Fulda,
Königsbrück,1936,Freistaat Sachsen, Bautzen,
Rauschenberg,35282,Hessen, Marburg-Biedenkopf,
Müllrose,15299,Brandenburg, Oder-Spree,
Heimbach,52396,Nordrhein-Westfalen, Düren,
Pressath,92690,Freistaat Bayern, Neustadt a.d.Waldnaab,
Mügeln,4769,Freistaat Sachsen, Nordsachsen,
Waldershof,95679,Freistaat Bayern, Tirschenreuth,
Berka/Werra,99837,Freistaat Thüringen, Wartburgkreis,
Hallenberg,59969,Nordrhein-Westfalen, Hochsauerlandkreis,
Sternberg,19406,Mecklenburg-Vorpommern, Parchim,
Wörth a.d.Donau,93086,Freistaat Bayern, Regensburg,
Wyk auf Föhr,25938,Schleswig-Holstein, Nordfriesland,
Liebenwalde,16559,Brandenburg, Oberhavel,
Wilster,25554,Schleswig-Holstein, Steinburg,
Iphofen,97346,Freistaat Bayern, Kitzingen,
Waldenburg,8396,Freistaat Sachsen, Zwickau,
Schönberg,23923,Mecklenburg-Vorpommern, Nordwestmecklenburg,
Mühlberg/Elbe,4931,Brandenburg, Elbe-Elster,
Steinach,96523,Freistaat Thüringen, Sonneberg,
Kirchberg an der Jagst,74592,Baden-Württemberg, Schwäbisch Hall,
Gerabronn,74582,Baden-Württemberg, Schwäbisch Hall,
Hornberg,78132,Baden-Württemberg, Ortenaukreis,
Seifhennersdorf,2782,Freistaat Sachsen, Görlitz,
Vellberg,74541,Baden-Württemberg, Schwäbisch Hall,
Loitz,17121,Mecklenburg-Vorpommern, Demmin,
Wanfried,37281,Hessen, Werra-Meißner-Kreis,
Baruth/Mark,15837,Brandenburg, Teltow-Fläming,
Schnaittenbach,92253,Freistaat Bayern, Amberg-Sulzbach,
Lucka,4613,Freistaat Thüringen, Altenburger Land,
Nastätten,56355,Rheinland-Pfalz, Rhein-Lahn-Kreis,
Zell,56856,Rheinland-Pfalz, Cochem-Zell,
Eschenbach,92676,Freistaat Bayern, Neustadt a.d.Waldnaab,
Barby,39249,Sachsen-Anhalt, Salzlandkreis,
Trebsen/Mulde,4687,Freistaat Sachsen, Leipzig,
Lützen,6686,Sachsen-Anhalt, Burgenlandkreis,
Netzschkau,8491,Freistaat Sachsen, Vogtlandkreis,
Lichtenfels,35104,Hessen, Waldeck-Frankenberg,
Regis-Breitingen,4565,Freistaat Sachsen, Leipzig,
Wolkenstein,9429,Freistaat Sachsen, Erzgebirgskreis,
Tambach-Dietharz,99897,Freistaat Thüringen, Gotha,
Zahna,6895,Sachsen-Anhalt, Wittenberg,
Dransfeld,37127,Niedersachsen, Göttingen,
Pappenheim,91788,Freistaat Bayern, Weißenburg-Gunzenhausen,
Nienburg,6429,Sachsen-Anhalt, Salzlandkreis,
Reichenbach,2894,Freistaat Sachsen, Görlitz,
Seßlach,96145,Freistaat Bayern, Coburg,
Allendorf,35469,Hessen, Gießen,
Baumholder,55774,Rheinland-Pfalz, Birkenfeld,
Gräfenberg,91322,Freistaat Bayern, Forchheim,
Neubukow,18231,Mecklenburg-Vorpommern, Bad Doberan,
Kalbe,39624,Sachsen-Anhalt, Altmarkkreis Salzwedel,
Schlotheim,99994,Freistaat Thüringen, Unstrut-Hainich-Kreis,
Dassow,23942,Mecklenburg-Vorpommern, Nordwestmecklenburg,
Bad Buchau,88422,Baden-Württemberg, Biberach,
Neukloster,23992,Mecklenburg-Vorpommern, Nordwestmecklenburg,
Gemünden,35285,Hessen, Waldeck-Frankenberg,
Baunach,96148,Freistaat Bayern, Bamberg,
Welzow,3119,Brandenburg, Spree-Neiße,
Strehla,1616,Freistaat Sachsen, Meißen,
Tessin,18195,Mecklenburg-Vorpommern, Bad Doberan,
Bad Liebenstein,36448,Freistaat Thüringen, Wartburgkreis,
Rheinböllen,55494,Rheinland-Pfalz, Rhein-Hunsrück-Kreis,
Amorbach,63916,Freistaat Bayern, Miltenberg,
Tegernsee,83684,Freistaat Bayern, Miesbach,
Schiltach,77761,Baden-Württemberg, Rottweil,
Niedernhall,74676,Baden-Württemberg, Hohenlohekreis,
Tanna,7922,Freistaat Thüringen, Saale-Orla-Kreis,
Ruhland,1945,Brandenburg, Oberspreewald-Lausitz,
Rötha,4571,Freistaat Sachsen, Leipzig,
Seehausen,39615,Sachsen-Anhalt, Stendal,
Wildenfels,8134,Freistaat Sachsen, Zwickau,
Bad Muskau,2953,Freistaat Sachsen, Görlitz,
Freudenberg,97896,Baden-Württemberg, Main-Tauber-Kreis,
Nerchau,4685,Freistaat Sachsen, Leipzig,
St. Blasien,79837,Baden-Württemberg, Waldshut,
Geyer,9468,Freistaat Sachsen, Erzgebirgskreis,
Vöhrenbach,78147,Baden-Württemberg, Schwarzwald-Baar-Kreis,
Lambrecht,67466,Rheinland-Pfalz, Bad Dürkheim,
Gröningen,39397,Sachsen-Anhalt, Börde,
Bad Münster am Stein-Ebernburg,55583,Rheinland-Pfalz, Bad Kreuznach,
Neckarbischofsheim,74924,Baden-Württemberg, Rhein-Neckar-Kreis,
Bad Elster,8645,Freistaat Sachsen, Vogtlandkreis,
Lorch,65391,Hessen, Rheingau-Taunus-Kreis,
Bad Karlshafen,34385,Hessen, Kassel,
Penzlin,17217,Mecklenburg-Vorpommern, Müritz,
Bernstadt a. d. Eigen,2748,Freistaat Sachsen, Görlitz,
Güsten,39439,Sachsen-Anhalt, Salzlandkreis,
Gößnitz,4639,Freistaat Thüringen, Altenburger Land,
Woldegk,17348,Mecklenburg-Vorpommern, Mecklenburg-Strelitz,
Saalburg-Ebersdorf,7929,Freistaat Thüringen, Saale-Orla-Kreis,
Neckarsteinach,69239,Hessen, Bergstraße,
Greußen,99718,Freistaat Thüringen, Kyffhäuserkreis,
Rennerod,56477,Rheinland-Pfalz, Westerwaldkreis,
Egeln,39435,Sachsen-Anhalt, Salzlandkreis,
Lauscha,98724,Freistaat Thüringen, Sonneberg,
Triptis,7819,Freistaat Thüringen, Saale-Orla-Kreis,
Grünsfeld,97947,Baden-Württemberg, Main-Tauber-Kreis,
Deidesheim,67146,Rheinland-Pfalz, Bad Dürkheim,
Bad Köstritz,7586,Freistaat Thüringen, Greiz,
Hoya,27318,Niedersachsen, Nienburg,
Kelbra,6537,Sachsen-Anhalt, Mansfeld-Südharz,
Gernrode,6507,Sachsen-Anhalt, Harz,
Königsberg,97486,Freistaat Bayern, Haßberge,
Osterwieck,38835,Sachsen-Anhalt, Harz,
Kirchberg,55481,Rheinland-Pfalz, Rhein-Hunsrück-Kreis,
Neusalza-Spremberg,2742,Freistaat Sachsen, Görlitz,
Vacha,36404,Freistaat Thüringen, Wartburgkreis,
Pausa,7952,Freistaat Sachsen, Vogtlandkreis,
Goldkronach,95497,Freistaat Bayern, Bayreuth,
Ellingen,91792,Freistaat Bayern, Weißenburg-Gunzenhausen,
Raguhn,6779,Sachsen-Anhalt, Anhalt-Bitterfeld,
Döbern,3159,Brandenburg, Spree-Neiße,
Berga,7980,Freistaat Thüringen, Greiz,
Neustadt,16845,Brandenburg, Ostprignitz-Ruppin,
Brück,14822,Brandenburg, Potsdam-Mittelmark,
Marktbreit,97340,Freistaat Bayern, Kitzingen,
Hirschhorn,69434,Hessen, Bergstraße,
Ludwigsstadt,96337,Freistaat Bayern, Kronach,
Wasungen,98634,Freistaat Thüringen, Schmalkalden-Meiningen,
Lychen,17279,Brandenburg, Uckermark,
Hohnstein,1848,Freistaat Sachsen, Sächs. Schweiz-Osterzgebirge,
Kirchenlamitz,95158,Freistaat Bayern, Wunsiedel,
Schildau,4889,Freistaat Sachsen, Nordsachsen,
Jeßnitz,6800,Sachsen-Anhalt, Anhalt-Bitterfeld,
Kranichfeld,99448,Freistaat Thüringen, Weimarer Land,
Langewiesen,98704,Freistaat Thüringen, Ilm-Kreis,
Annaburg,6925,Sachsen-Anhalt, Wittenberg,
Schönwald,95173,Freistaat Bayern, Wunsiedel,
Warin,19417,Mecklenburg-Vorpommern, Nordwestmecklenburg,
Ostheim v.d.Rhön,97645,Freistaat Bayern, Rhön-Grabfeld,
Eschershausen,37632,Niedersachsen, Holzminden,
Weißensee,99631,Freistaat Thüringen, Sömmerda,
Sonnewalde,3249,Brandenburg, Elbe-Elster,
Havelsee,14798,Brandenburg, Potsdam-Mittelmark,
Schöneck,8261,Freistaat Sachsen, Vogtlandkreis,
Owen,73277,Baden-Württemberg, Esslingen,
Rötz,92444,Freistaat Bayern, Cham,
Gehren,98708,Freistaat Thüringen, Ilm-Kreis,
Mühlheim an der Donau,78570,Baden-Württemberg, Tuttlingen,
Mirow,17252,Mecklenburg-Vorpommern, Mecklenburg-Strelitz,
Wurzbach,7343,Freistaat Thüringen, Saale-Orla-Kreis,
Marktleuthen,95168,Freistaat Bayern, Wunsiedel,
Weißenberg,2627,Freistaat Sachsen, Bautzen,
Münstermaifeld,56294,Rheinland-Pfalz, Mayen-Koblenz,
Frankenau,35110,Hessen, Waldeck-Frankenberg,
Teuchern,6682,Sachsen-Anhalt, Burgenlandkreis,
Weißenstadt,95163,Freistaat Bayern, Wunsiedel,
Stadtsteinach,95346,Freistaat Bayern, Kulmbach,
Krakow am See,18292,Mecklenburg-Vorpommern, Güstrow,
Schönewalde,4916,Brandenburg, Elbe-Elster,
Liebenau,34396,Hessen, Kassel,
Goldberg,19399,Mecklenburg-Vorpommern, Parchim,
Kirtorf,36320,Hessen, Vogelsbergkreis,
Oranienbaum,6785,Sachsen-Anhalt, Wittenberg,
Schalkau,96528,Freistaat Thüringen, Sonneberg,
Bärnau,95671,Freistaat Bayern, Tirschenreuth,
Joachimsthal,16247,Brandenburg, Barnim,
Hatzfeld,35116,Hessen, Waldeck-Frankenberg,
Ulmen,56766,Rheinland-Pfalz, Cochem-Zell,
Lebus,15326,Brandenburg, Märkisch-Oderland,
Jarmen,17126,Mecklenburg-Vorpommern, Demmin,
Friedland,15848,Brandenburg, Oder-Spree,
Dömitz,19303,Mecklenburg-Vorpommern, Ludwigslust,
Waischenfeld,91344,Freistaat Bayern, Bayreuth,
Laucha an der Unstrut,6636,Sachsen-Anhalt, Burgenlandkreis,
Prichsenstadt,97357,Freistaat Bayern, Kitzingen,
Bürgel,7616,Freistaat Thüringen, Saale-Holzland-Kreis,
Stromberg,55442,Rheinland-Pfalz, Bad Kreuznach,
Löwenstein,74245,Baden-Württemberg, Heilbronn,
Geising,1778,Freistaat Sachsen, Sächs. Schweiz-Osterzgebirge,
Fridingen an der Donau,78567,Baden-Württemberg, Tuttlingen,
Bismark,39629,Sachsen-Anhalt, Stendal,
Frauenstein,9623,Freistaat Sachsen, Mittelsachsen,
Oberriexingen,71739,Baden-Württemberg, Ludwigsburg,
Lindow,16835,Brandenburg, Ostprignitz-Ruppin,
Elterlein,9481,Freistaat Sachsen, Erzgebirgskreis,
Ulrichstein,35327,Hessen, Vogelsbergkreis,
Wesenberg,17255,Mecklenburg-Vorpommern, Mecklenburg-Strelitz,
Klütz,23948,Mecklenburg-Vorpommern, Nordwestmecklenburg,
Auma,7955,Freistaat Thüringen, Greiz,
Remda-Teichel,7407,Freistaat Thüringen, Saalfeld-Rudolstadt,
Münchenbernsdorf,7589,Freistaat Thüringen, Greiz,
Hillesheim,54576,Rheinland-Pfalz, Vulkaneifel,
Braubach,56338,Rheinland-Pfalz, Rhein-Lahn-Kreis,
Wesselburen,25764,Schleswig-Holstein, Dithmarschen,
Jöhstadt,9477,Freistaat Sachsen, Erzgebirgskreis,
Kaisersesch,56759,Rheinland-Pfalz, Cochem-Zell,
Gröbzig,6388,Sachsen-Anhalt, Anhalt-Bitterfeld,
Gnoien,17179,Mecklenburg-Vorpommern, Güstrow,
Nebra,6642,Sachsen-Anhalt, Burgenlandkreis,
Allstedt,6542,Sachsen-Anhalt, Mansfeld-Südharz,
Waldenburg,74638,Baden-Württemberg, Hohenlohekreis,
Ravenstein,74747,Baden-Württemberg, Neckar-Odenwald-Kreis,
Themar,98660,Freistaat Thüringen, Hildburghausen,
Bad Teinach-Zavelstein,75385,Baden-Württemberg, Calw,
Rehna,19217,Mecklenburg-Vorpommern, Nordwestmecklenburg,
Wustrow,29462,Niedersachsen, Lüchow-Dannenberg,
Bad Sulza,99518,Freistaat Thüringen, Weimarer Land,
Bad Bibra,6647,Sachsen-Anhalt, Burgenlandkreis,
Ebeleben,99713,Freistaat Thüringen, Kyffhäuserkreis,
Burgbernheim,91593,Freistaat Bayern, Neustadt a.d.Aisch-Bad Windsh.,
Rhens,56321,Rheinland-Pfalz, Mayen-Koblenz,
Elstra,1920,Freistaat Sachsen, Bautzen,
Wallenfels,96346,Freistaat Bayern, Kronach,
Romrod,36329,Hessen, Vogelsbergkreis,
Oberwesel,55430,Rheinland-Pfalz, Rhein-Hunsrück-Kreis,
Schirgiswalde,2681,Freistaat Sachsen, Bautzen,
Bad Schandau,1814,Freistaat Sachsen, Sächs. Schweiz-Osterzgebirge,
Zöblitz,9517,Freistaat Sachsen, Erzgebirgskreis,
Kohren-Sahlis,4655,Freistaat Sachsen, Leipzig,
Wolframs-Eschenbach,91639,Freistaat Bayern, Ansbach,
Wegeleben,38828,Sachsen-Anhalt, Harz,
Gerbstedt,6347,Sachsen-Anhalt, Mansfeld-Südharz,
Mylau,8499,Freistaat Sachsen, Vogtlandkreis,
Adenau,53518,Rheinland-Pfalz, Ahrweiler,
Putlitz,16949,Brandenburg, Prignitz,
Hasselfelde,38899,Sachsen-Anhalt, Harz,
Meisenheim,55590,Rheinland-Pfalz, Bad Kreuznach,
Brüel,19412,Mecklenburg-Vorpommern, Parchim,
Eibelstadt,97246,Freistaat Bayern, Würzburg,
Brotterode,98599,Freistaat Thüringen, Schmalkalden-Meiningen,
Arendsee,39619,Sachsen-Anhalt, Altmarkkreis Salzwedel,
Sankt Goar,56329,Rheinland-Pfalz, Rhein-Hunsrück-Kreis,
Dommitzsch,4880,Freistaat Sachsen, Nordsachsen,
Merkendorf,91732,Freistaat Bayern, Ansbach,
Schillingsfürst,91583,Freistaat Bayern, Ansbach,
Sulzburg,79295,Baden-Württemberg, Breisgau-Hochschwarzwald,
Rastenberg,99636,Freistaat Thüringen, Sömmerda,
Selters,56242,Rheinland-Pfalz, Westerwaldkreis,
Schkölen,7619,Freistaat Thüringen, Saale-Holzland-Kreis,
Gefell,7926,Freistaat Thüringen, Saale-Orla-Kreis,
Großbreitenbach,98701,Freistaat Thüringen, Ilm-Kreis,
Tribsees,18465,Mecklenburg-Vorpommern, Nordvorpommern,
Schlieben,4936,Brandenburg, Elbe-Elster,
Großenehrich,99718,Freistaat Thüringen, Kyffhäuserkreis,
Herrnhut,2747,Freistaat Sachsen, Görlitz,
Lauterstein,73111,Baden-Württemberg, Göppingen,
Schönsee,92539,Freistaat Bayern, Schwandorf,
Garding,25836,Schleswig-Holstein, Nordfriesland,
Bad Wilsnack,19336,Brandenburg, Prignitz,
Gützkow,17506,Mecklenburg-Vorpommern, Ostvorpommern,
Friesack,14662,Brandenburg, Havelland,
Golßen,15938,Brandenburg, Dahme-Spreewald,
Ostritz,2899,Freistaat Sachsen, Görlitz,
Pleystein,92714,Freistaat Bayern, Neustadt a.d.Waldnaab,
Ziesar,14793,Brandenburg, Potsdam-Mittelmark,
Alsleben,6425,Sachsen-Anhalt, Salzlandkreis,
Schlettau,9487,Freistaat Sachsen, Erzgebirgskreis,
Buttstädt,99628,Freistaat Thüringen, Sömmerda,
Stadtlengsfeld,36457,Freistaat Thüringen, Wartburgkreis,
Grebenau,36323,Hessen, Vogelsbergkreis,
Scheer,72516,Baden-Württemberg, Sigmaringen,
Derenburg,38895,Sachsen-Anhalt, Harz,
Hornburg,38315,Niedersachsen, Wolfenbüttel,
Bad Tennstedt,99955,Freistaat Thüringen, Unstrut-Hainich-Kreis,
Betzenstein,91282,Freistaat Bayern, Bayreuth,
Oberwiesenthal,9484,Freistaat Sachsen, Erzgebirgskreis,
Gräfenthal,98743,Freistaat Thüringen, Saalfeld-Rudolstadt,
Gartz,16307,Brandenburg, Uckermark,
Eckartsberga,6648,Sachsen-Anhalt, Burgenlandkreis,
Creuzburg,99831,Freistaat Thüringen, Wartburgkreis,
Leutenberg,7338,Freistaat Thüringen, Saalfeld-Rudolstadt,
Schönau im Schwarzwald,79677,Baden-Württemberg, Lörrach,
Friedrichstadt,25840,Schleswig-Holstein, Nordfriesland,
Garz/Rügen,18574,Mecklenburg-Vorpommern, Rügen,
Bad Grund,37539,Niedersachsen, Osterode am Harz,
Lenzen,19309,Brandenburg, Prignitz,
Hirschberg,7927,Freistaat Thüringen, Saale-Orla-Kreis,
Wettin,6198,Sachsen-Anhalt, Saalekreis,
Meyenburg,16945,Brandenburg, Prignitz,
Mainbernheim,97350,Freistaat Bayern, Kitzingen,
Königstein,1824,Freistaat Sachsen, Sächs. Schweiz-Osterzgebirge,
Krempe,25361,Schleswig-Holstein, Steinburg,
Ortrand,1990,Brandenburg, Oberspreewald-Lausitz,
Rethem,27336,Niedersachsen, Soltau-Fallingbostel,
Mutzschen,4688,Freistaat Sachsen, Leipzig,
Scheibenberg,9481,Freistaat Sachsen, Erzgebirgskreis,
Heringen/Helme,99765,Freistaat Thüringen, Nordhausen,
Löbejün,6193,Sachsen-Anhalt, Saalekreis,
Veringenstadt,72519,Baden-Württemberg, Sigmaringen,
Rerik,18230,Mecklenburg-Vorpommern, Bad Doberan,
Oderberg,16248,Brandenburg, Barnim,
Rosenthal,35119,Hessen, Waldeck-Frankenberg,
Schwanebeck,39397,Sachsen-Anhalt, Harz,
Heldrungen,6577,Freistaat Thüringen, Kyffhäuserkreis,
Wiesensteig,73349,Baden-Württemberg, Göppingen,
Gebesee,99189,Freistaat Thüringen, Sömmerda,
Fladungen,97650,Freistaat Bayern, Rhön-Grabfeld,
Aach,78267,Baden-Württemberg, Konstanz,
Jerichow,39319,Sachsen-Anhalt, Jerichower Land,
Hayingen,72534,Baden-Württemberg, Reutlingen,
Katzenelnbogen,56368,Rheinland-Pfalz, Rhein-Lahn-Kreis,
Lauterecken,67742,Rheinland-Pfalz, Kusel,
Bad Colberg-Heldburg,98663,Freistaat Thüringen, Hildburghausen,
Brüssow,17326,Brandenburg, Uckermark,
Benneckenstein,38877,Sachsen-Anhalt, Harz,
Niemegk,14823,Brandenburg, Potsdam-Mittelmark,
Teuschnitz,96358,Freistaat Bayern, Kronach,
Wiehe,6571,Freistaat Thüringen, Kyffhäuserkreis,
Sayda,9619,Freistaat Sachsen, Mittelsachsen,
Schauenstein,95197,Freistaat Bayern, Hof,
Neukalen,17154,Mecklenburg-Vorpommern, Demmin,
Rieneck,97794,Freistaat Bayern, Main-Spessart,
Sachsenhagen,31553,Niedersachsen, Schaumburg,
Wolfstein,67752,Rheinland-Pfalz, Kusel,
Bacharach,55422,Rheinland-Pfalz, Mainz-Bingen,
Magdala,99441,Freistaat Thüringen, Weimarer Land,
Penkun,17328,Mecklenburg-Vorpommern, Uecker-Randow,
Hettingen,72513,Baden-Württemberg, Sigmaringen,
Lehesten,7349,Freistaat Thüringen, Saalfeld-Rudolstadt,
Usedom,17406,Mecklenburg-Vorpommern, Ostvorpommern,
Widdern,74259,Baden-Württemberg, Heilbronn,
Oberweißbach,98744,Freistaat Thüringen, Saalfeld-Rudolstadt,
Prettin,6922,Sachsen-Anhalt, Wittenberg,
Römhild,98631,Freistaat Thüringen, Hildburghausen,
Plaue,99338,Freistaat Thüringen, Ilm-Kreis,
Sandersleben,6456,Sachsen-Anhalt, Mansfeld-Südharz,
Altenau,38707,Niedersachsen, Goslar,
Teupitz,15755,Brandenburg, Dahme-Spreewald,
Ranis,7389,Freistaat Thüringen, Saale-Orla-Kreis,
Sankt Andreasberg,37444,Niedersachsen, Goslar,
Velden,91235,Freistaat Bayern, Nürnberger Land,
Marktsteft,97342,Freistaat Bayern, Kitzingen,
Mühltroff,7919,Freistaat Sachsen, Vogtlandkreis,
Langenburg,74595,Baden-Württemberg, Schwäbisch Hall,
Seehausen,39365,Sachsen-Anhalt, Börde,
Kindelbrück,99638,Freistaat Thüringen, Sömmerda,
Hadmersleben,39398,Sachsen-Anhalt, Börde,
Kaltennordheim,36452,Freistaat Thüringen, Wartburgkreis,
Bad Sülze,18334,Mecklenburg-Vorpommern, Nordvorpommern,
Rhinow,14728,Brandenburg, Havelland,
Stadt Wehlen,1829,Freistaat Sachsen, Sächs. Schweiz-Osterzgebirge,
Hohenleuben,7958,Freistaat Thüringen, Greiz,
Arneburg,39596,Sachsen-Anhalt, Stendal,
Röttingen,97285,Freistaat Bayern, Würzburg,
Lassan,17440,Mecklenburg-Vorpommern, Ostvorpommern,
Ornbau,91737,Freistaat Bayern, Ansbach,
Buckow,15377,Brandenburg, Märkisch-Oderland,
Hornbach,66500,Rheinland-Pfalz, Südwestpfalz,
Stadtprozelten,97909,Freistaat Bayern, Miltenberg,
Kroppenstedt,39397,Sachsen-Anhalt, Börde,
Aub,97239,Freistaat Bayern, Würzburg,
Wörlitz,6786,Sachsen-Anhalt, Wittenberg,
Oberhof,98559,Freistaat Thüringen, Schmalkalden-Meiningen,
Lieberose,15868,Brandenburg, Dahme-Spreewald,
Neuerburg,54673,Rheinland-Pfalz, Eifelkreis Bitburg-Prüm,
Franzburg,18461,Mecklenburg-Vorpommern, Nordvorpommern,
Hohenberg,95691,Freistaat Bayern, Wunsiedel,
Richtenberg,18461,Mecklenburg-Vorpommern, Nordvorpommern,
Liebstadt,1825,Freistaat Sachsen, Sächs. Schweiz-Osterzgebirge,
Buttelstedt,99439,Freistaat Thüringen, Weimarer Land,
Sankt Goarshausen,56346,Rheinland-Pfalz, Rhein-Lahn-Kreis,
Manderscheid,54531,Rheinland-Pfalz, Bernkastel-Wittlich,
Osterfeld,6721,Sachsen-Anhalt, Burgenlandkreis,
Stolberg,6547,Sachsen-Anhalt, Mansfeld-Südharz,
Neustadt am Kulm,95514,Freistaat Bayern, Neustadt a.d.Waldnaab,
Orlamünde,7768,Freistaat Thüringen, Saale-Holzland-Kreis,
Schraplau,6279,Sachsen-Anhalt, Saalekreis,
Radegast,6369,Sachsen-Anhalt, Anhalt-Bitterfeld,
Obermoschel,67823,Rheinland-Pfalz, Donnersbergkreis,
Lichtenberg,95192,Freistaat Bayern, Hof,
Wildemann,38709,Niedersachsen, Goslar,
Clingen,99718,Freistaat Thüringen, Kyffhäuserkreis,
Schwarzenborn,34639,Hessen, Schwalm-Eder-Kreis,
Lindau,39264,Sachsen-Anhalt, Anhalt-Bitterfeld,
Kupferberg,95362,Freistaat Bayern, Kulmbach,
Rothenfels,97851,Freistaat Bayern, Main-Spessart,
Sandau,39524,Sachsen-Anhalt, Stendal,
Stößen,6667,Sachsen-Anhalt, Burgenlandkreis,
Kyllburg,54655,Rheinland-Pfalz, Eifelkreis Bitburg-Prüm,
Kaub,56349,Rheinland-Pfalz, Rhein-Lahn-Kreis,
Märkisch Buchholz,15748,Brandenburg, Dahme-Spreewald,
Werben,39615,Sachsen-Anhalt, Stendal,
Ziegenrück,7924,Freistaat Thüringen, Saale-Orla-Kreis,
Schnackenburg,29493,Niedersachsen, Lüchow-Dannenberg,
Ummerstadt,98663,Freistaat Thüringen, Hildburghausen,
Neumark,99439,Freistaat Thüringen, Weimarer Land,
Arnis,24399,Schleswig-Holstein, Schleswig-Flensburg,
